2026-08-19 22:45:08 | INFO | Pipeline run started
2026-08-19 22:45:08 | WARNING | Quarantined 148 row(s) at stage='check_missing_identifiers' reason='missing_required_identifier'
2026-08-19 22:45:08 | WARNING | Quarantined 111 row(s) at stage='check_negative_values' reason='negative_numeric_value'
2026-08-19 22:45:08 | INFO | Dropped 69 duplicate session action(s)
2026-08-19 22:45:08 | INFO | [batch_1] in=5000 out=4672 quarantined=328
2026-08-19 22:45:08 | WARNING | Quarantined 140 row(s) at stage='check_missing_identifiers' reason='missing_required_identifier'
2026-08-19 22:45:08 | WARNING | Quarantined 116 row(s) at stage='check_negative_values' reason='negative_numeric_value'
2026-08-19 22:45:08 | INFO | Dropped 73 duplicate session action(s)
2026-08-19 22:45:08 | INFO | [batch_2] in=5000 out=4671 quarantined=329
2026-08-19 22:45:08 | WARNING | Quarantined 149 row(s) at stage='check_missing_identifiers' reason='missing_required_identifier'
2026-08-19 22:45:08 | WARNING | Quarantined 110 row(s) at stage='check_negative_values' reason='negative_numeric_value'
2026-08-19 22:45:08 | INFO | Dropped 96 duplicate session action(s)
2026-08-19 22:45:08 | INFO | [batch_3] in=5000 out=4645 quarantined=355
2026-08-19 22:45:08 | WARNING | Quarantined 149 row(s) at stage='check_missing_identifiers' reason='missing_required_identifier'
2026-08-19 22:45:08 | WARNING | Quarantined 102 row(s) at stage='check_negative_values' reason='negative_numeric_value'
2026-08-19 22:45:09 | INFO | Dropped 77 duplicate session action(s)
2026-08-19 22:45:09 | INFO | [batch_4] in=5000 out=4672 quarantined=328
2026-08-19 22:45:09 | WARNING | Quarantined 140 row(s) at stage='check_missing_identifiers' reason='missing_required_identifier'
2026-08-19 22:45:09 | WARNING | Quarantined 120 row(s) at stage='check_negative_values' reason='negative_numeric_value'
2026-08-19 22:45:09 | INFO | Dropped 87 duplicate session action(s)
2026-08-19 22:45:09 | INFO | [batch_5] in=5000 out=4653 quarantined=347
2026-08-19 22:45:09 | WARNING | Quarantined 148 row(s) at stage='check_missing_identifiers' reason='missing_required_identifier'
2026-08-19 22:45:09 | WARNING | Quarantined 118 row(s) at stage='check_negative_values' reason='negative_numeric_value'
2026-08-19 22:45:09 | INFO | Dropped 76 duplicate session action(s)
2026-08-19 22:45:09 | INFO | [batch_6] in=5000 out=4658 quarantined=342
2026-08-19 22:45:09 | WARNING | Quarantined 152 row(s) at stage='check_missing_identifiers' reason='missing_required_identifier'
2026-08-19 22:45:09 | WARNING | Quarantined 132 row(s) at stage='check_negative_values' reason='negative_numeric_value'
2026-08-19 22:45:09 | INFO | Dropped 72 duplicate session action(s)
2026-08-19 22:45:09 | INFO | [batch_7] in=5000 out=4644 quarantined=356
2026-08-19 22:45:09 | WARNING | Quarantined 167 row(s) at stage='check_missing_identifiers' reason='missing_required_identifier'
2026-08-19 22:45:09 | WARNING | Quarantined 132 row(s) at stage='check_negative_values' reason='negative_numeric_value'
2026-08-19 22:45:09 | INFO | Dropped 83 duplicate session action(s)
2026-08-19 22:45:09 | INFO | [batch_8] in=5000 out=4618 quarantined=382
2026-08-19 22:45:09 | WARNING | Quarantined 123 row(s) at stage='check_missing_identifiers' reason='missing_required_identifier'
2026-08-19 22:45:09 | WARNING | Quarantined 132 row(s) at stage='check_negative_values' reason='negative_numeric_value'
2026-08-19 22:45:09 | INFO | Dropped 71 duplicate session action(s)
2026-08-19 22:45:09 | INFO | [batch_9] in=5000 out=4674 quarantined=326
2026-08-19 22:45:09 | WARNING | Quarantined 167 row(s) at stage='check_missing_identifiers' reason='missing_required_identifier'
2026-08-19 22:45:09 | WARNING | Quarantined 135 row(s) at stage='check_negative_values' reason='negative_numeric_value'
2026-08-19 22:45:09 | INFO | Dropped 108 duplicate session action(s)
2026-08-19 22:45:09 | INFO | [batch_10] in=5000 out=4590 quarantined=410
2026-08-19 22:45:09 | WARNING | Quarantined 159 row(s) at stage='check_missing_identifiers' reason='missing_required_identifier'
2026-08-19 22:45:09 | WARNING | Quarantined 128 row(s) at stage='check_negative_values' reason='negative_numeric_value'
2026-08-19 22:45:09 | INFO | Dropped 95 duplicate session action(s)
2026-08-19 22:45:09 | INFO | [batch_11] in=5000 out=4618 quarantined=382
2026-08-19 22:45:09 | WARNING | Quarantined 145 row(s) at stage='check_missing_identifiers' reason='missing_required_identifier'
2026-08-19 22:45:09 | WARNING | Quarantined 129 row(s) at stage='check_negative_values' reason='negative_numeric_value'
2026-08-19 22:45:09 | INFO | Dropped 95 duplicate session action(s)
2026-08-19 22:45:09 | INFO | [batch_12] in=5000 out=4631 quarantined=369
2026-08-19 22:45:09 | WARNING | Quarantined 137 row(s) at stage='check_missing_identifiers' reason='missing_required_identifier'
2026-08-19 22:45:09 | WARNING | Quarantined 116 row(s) at stage='check_negative_values' reason='negative_numeric_value'
2026-08-19 22:45:09 | INFO | Dropped 106 duplicate session action(s)
2026-08-19 22:45:09 | INFO | [batch_13] in=5000 out=4641 quarantined=359
2026-08-19 22:45:09 | WARNING | Quarantined 134 row(s) at stage='check_missing_identifiers' reason='missing_required_identifier'
2026-08-19 22:45:09 | WARNING | Quarantined 123 row(s) at stage='check_negative_values' reason='negative_numeric_value'
2026-08-19 22:45:09 | INFO | Dropped 106 duplicate session action(s)
2026-08-19 22:45:09 | INFO | [batch_14] in=5000 out=4637 quarantined=363
2026-08-19 22:45:09 | WARNING | Quarantined 142 row(s) at stage='check_missing_identifiers' reason='missing_required_identifier'
2026-08-19 22:45:09 | WARNING | Quarantined 128 row(s) at stage='check_negative_values' reason='negative_numeric_value'
2026-08-19 22:45:09 | INFO | Dropped 117 duplicate session action(s)
2026-08-19 22:45:09 | INFO | [batch_15] in=5000 out=4613 quarantined=387
2026-08-19 22:45:09 | WARNING | Quarantined 140 row(s) at stage='check_missing_identifiers' reason='missing_required_identifier'
2026-08-19 22:45:09 | WARNING | Quarantined 112 row(s) at stage='check_negative_values' reason='negative_numeric_value'
2026-08-19 22:45:09 | INFO | Dropped 98 duplicate session action(s)
2026-08-19 22:45:09 | INFO | [batch_16] in=5000 out=4650 quarantined=350
2026-08-19 22:45:09 | WARNING | Quarantined 157 row(s) at stage='check_missing_identifiers' reason='missing_required_identifier'
2026-08-19 22:45:09 | WARNING | Quarantined 124 row(s) at stage='check_negative_values' reason='negative_numeric_value'
2026-08-19 22:45:09 | INFO | Dropped 106 duplicate session action(s)
2026-08-19 22:45:09 | INFO | [batch_17] in=5000 out=4613 quarantined=387
2026-08-19 22:45:09 | WARNING | Quarantined 160 row(s) at stage='check_missing_identifiers' reason='missing_required_identifier'
2026-08-19 22:45:09 | WARNING | Quarantined 105 row(s) at stage='check_negative_values' reason='negative_numeric_value'
2026-08-19 22:45:09 | INFO | Dropped 113 duplicate session action(s)
2026-08-19 22:45:09 | INFO | [batch_18] in=5000 out=4622 quarantined=378
2026-08-19 22:45:09 | WARNING | Quarantined 150 row(s) at stage='check_missing_identifiers' reason='missing_required_identifier'
2026-08-19 22:45:09 | WARNING | Quarantined 109 row(s) at stage='check_negative_values' reason='negative_numeric_value'
2026-08-19 22:45:09 | INFO | Dropped 98 duplicate session action(s)
2026-08-19 22:45:09 | INFO | [batch_19] in=5000 out=4643 quarantined=357
2026-08-19 22:45:09 | WARNING | Quarantined 151 row(s) at stage='check_missing_identifiers' reason='missing_required_identifier'
2026-08-19 22:45:09 | WARNING | Quarantined 124 row(s) at stage='check_negative_values' reason='negative_numeric_value'
2026-08-19 22:45:09 | INFO | Dropped 113 duplicate session action(s)
2026-08-19 22:45:09 | INFO | [batch_20] in=5000 out=4612 quarantined=388
2026-08-19 22:45:09 | WARNING | Quarantined 158 row(s) at stage='check_missing_identifiers' reason='missing_required_identifier'
2026-08-19 22:45:09 | WARNING | Quarantined 114 row(s) at stage='check_negative_values' reason='negative_numeric_value'
2026-08-19 22:45:09 | INFO | Dropped 113 duplicate session action(s)
2026-08-19 22:45:09 | INFO | [batch_21] in=5000 out=4615 quarantined=385
2026-08-19 22:45:09 | WARNING | Quarantined 141 row(s) at stage='check_missing_identifiers' reason='missing_required_identifier'
2026-08-19 22:45:09 | WARNING | Quarantined 113 row(s) at stage='check_negative_values' reason='negative_numeric_value'
2026-08-19 22:45:10 | INFO | Dropped 115 duplicate session action(s)
2026-08-19 22:45:10 | INFO | [batch_22] in=5000 out=4631 quarantined=369
2026-08-19 22:45:10 | WARNING | Quarantined 146 row(s) at stage='check_missing_identifiers' reason='missing_required_identifier'
2026-08-19 22:45:10 | WARNING | Quarantined 119 row(s) at stage='check_negative_values' reason='negative_numeric_value'
2026-08-19 22:45:10 | INFO | Dropped 103 duplicate session action(s)
2026-08-19 22:45:10 | INFO | [batch_23] in=5000 out=4632 quarantined=368
2026-08-19 22:45:10 | WARNING | Quarantined 141 row(s) at stage='check_missing_identifiers' reason='missing_required_identifier'
2026-08-19 22:45:10 | WARNING | Quarantined 124 row(s) at stage='check_negative_values' reason='negative_numeric_value'
2026-08-19 22:45:10 | INFO | Dropped 134 duplicate session action(s)
2026-08-19 22:45:10 | INFO | [batch_24] in=5000 out=4601 quarantined=399
2026-08-19 22:45:10 | WARNING | Quarantined 164 row(s) at stage='check_missing_identifiers' reason='missing_required_identifier'
2026-08-19 22:45:10 | WARNING | Quarantined 127 row(s) at stage='check_negative_values' reason='negative_numeric_value'
2026-08-19 22:45:10 | INFO | Dropped 114 duplicate session action(s)
2026-08-19 22:45:10 | INFO | [batch_25] in=5000 out=4595 quarantined=405
2026-08-19 22:45:10 | WARNING | Quarantined 150 row(s) at stage='check_missing_identifiers' reason='missing_required_identifier'
2026-08-19 22:45:10 | WARNING | Quarantined 116 row(s) at stage='check_negative_values' reason='negative_numeric_value'
2026-08-19 22:45:10 | INFO | Dropped 116 duplicate session action(s)
2026-08-19 22:45:10 | INFO | [batch_26] in=5000 out=4618 quarantined=382
2026-08-19 22:45:10 | WARNING | Quarantined 146 row(s) at stage='check_missing_identifiers' reason='missing_required_identifier'
2026-08-19 22:45:10 | WARNING | Quarantined 124 row(s) at stage='check_negative_values' reason='negative_numeric_value'
2026-08-19 22:45:10 | INFO | Dropped 104 duplicate session action(s)
2026-08-19 22:45:10 | INFO | [batch_27] in=5000 out=4626 quarantined=374
2026-08-19 22:45:10 | WARNING | Quarantined 128 row(s) at stage='check_missing_identifiers' reason='missing_required_identifier'
2026-08-19 22:45:10 | WARNING | Quarantined 124 row(s) at stage='check_negative_values' reason='negative_numeric_value'
2026-08-19 22:45:10 | INFO | Dropped 110 duplicate session action(s)
2026-08-19 22:45:10 | INFO | [batch_28] in=5000 out=4638 quarantined=362
2026-08-19 22:45:10 | WARNING | Quarantined 148 row(s) at stage='check_missing_identifiers' reason='missing_required_identifier'
2026-08-19 22:45:10 | WARNING | Quarantined 134 row(s) at stage='check_negative_values' reason='negative_numeric_value'
2026-08-19 22:45:10 | INFO | Dropped 110 duplicate session action(s)
2026-08-19 22:45:10 | INFO | [batch_29] in=5000 out=4608 quarantined=392
2026-08-19 22:45:10 | WARNING | Quarantined 123 row(s) at stage='check_missing_identifiers' reason='missing_required_identifier'
2026-08-19 22:45:10 | WARNING | Quarantined 113 row(s) at stage='check_negative_values' reason='negative_numeric_value'
2026-08-19 22:45:10 | INFO | Dropped 111 duplicate session action(s)
2026-08-19 22:45:10 | INFO | [batch_30] in=5000 out=4653 quarantined=347
2026-08-19 22:45:10 | WARNING | Quarantined 153 row(s) at stage='check_missing_identifiers' reason='missing_required_identifier'
2026-08-19 22:45:10 | WARNING | Quarantined 121 row(s) at stage='check_negative_values' reason='negative_numeric_value'
2026-08-19 22:45:10 | INFO | Dropped 119 duplicate session action(s)
2026-08-19 22:45:10 | INFO | [batch_31] in=5000 out=4607 quarantined=393
2026-08-19 22:45:10 | WARNING | Quarantined 115 row(s) at stage='check_missing_identifiers' reason='missing_required_identifier'
2026-08-19 22:45:10 | WARNING | Quarantined 112 row(s) at stage='check_negative_values' reason='negative_numeric_value'
2026-08-19 22:45:10 | INFO | Dropped 109 duplicate session action(s)
2026-08-19 22:45:10 | INFO | [batch_32] in=5000 out=4664 quarantined=336
2026-08-19 22:45:10 | WARNING | Quarantined 150 row(s) at stage='check_missing_identifiers' reason='missing_required_identifier'
2026-08-19 22:45:10 | WARNING | Quarantined 105 row(s) at stage='check_negative_values' reason='negative_numeric_value'
2026-08-19 22:45:10 | INFO | Dropped 108 duplicate session action(s)
2026-08-19 22:45:10 | INFO | [batch_33] in=5000 out=4637 quarantined=363
2026-08-19 22:45:10 | WARNING | Quarantined 153 row(s) at stage='check_missing_identifiers' reason='missing_required_identifier'
2026-08-19 22:45:10 | WARNING | Quarantined 114 row(s) at stage='check_negative_values' reason='negative_numeric_value'
2026-08-19 22:45:10 | INFO | Dropped 139 duplicate session action(s)
2026-08-19 22:45:10 | INFO | [batch_34] in=5000 out=4594 quarantined=406
2026-08-19 22:45:10 | WARNING | Quarantined 158 row(s) at stage='check_missing_identifiers' reason='missing_required_identifier'
2026-08-19 22:45:10 | WARNING | Quarantined 121 row(s) at stage='check_negative_values' reason='negative_numeric_value'
2026-08-19 22:45:10 | INFO | Dropped 125 duplicate session action(s)
2026-08-19 22:45:10 | INFO | [batch_35] in=5000 out=4596 quarantined=404
2026-08-19 22:45:10 | WARNING | Quarantined 150 row(s) at stage='check_missing_identifiers' reason='missing_required_identifier'
2026-08-19 22:45:10 | WARNING | Quarantined 114 row(s) at stage='check_negative_values' reason='negative_numeric_value'
2026-08-19 22:45:10 | INFO | Dropped 123 duplicate session action(s)
2026-08-19 22:45:10 | INFO | [batch_36] in=5000 out=4613 quarantined=387
2026-08-19 22:45:10 | WARNING | Quarantined 150 row(s) at stage='check_missing_identifiers' reason='missing_required_identifier'
2026-08-19 22:45:10 | WARNING | Quarantined 128 row(s) at stage='check_negative_values' reason='negative_numeric_value'
2026-08-19 22:45:10 | INFO | Dropped 127 duplicate session action(s)
2026-08-19 22:45:10 | INFO | [batch_37] in=5000 out=4595 quarantined=405
2026-08-19 22:45:10 | WARNING | Quarantined 166 row(s) at stage='check_missing_identifiers' reason='missing_required_identifier'
2026-08-19 22:45:10 | WARNING | Quarantined 132 row(s) at stage='check_negative_values' reason='negative_numeric_value'
2026-08-19 22:45:10 | INFO | Dropped 100 duplicate session action(s)
2026-08-19 22:45:10 | INFO | [batch_38] in=5000 out=4602 quarantined=398
2026-08-19 22:45:10 | WARNING | Quarantined 127 row(s) at stage='check_missing_identifiers' reason='missing_required_identifier'
2026-08-19 22:45:10 | WARNING | Quarantined 118 row(s) at stage='check_negative_values' reason='negative_numeric_value'
2026-08-19 22:45:11 | INFO | Dropped 106 duplicate session action(s)
2026-08-19 22:45:11 | INFO | [batch_39] in=5000 out=4649 quarantined=351
2026-08-19 22:45:11 | WARNING | Quarantined 143 row(s) at stage='check_missing_identifiers' reason='missing_required_identifier'
2026-08-19 22:45:11 | WARNING | Quarantined 113 row(s) at stage='check_negative_values' reason='negative_numeric_value'
2026-08-19 22:45:11 | INFO | Dropped 99 duplicate session action(s)
2026-08-19 22:45:11 | INFO | [batch_40] in=5000 out=4645 quarantined=355
2026-08-19 22:45:11 | WARNING | Quarantined 161 row(s) at stage='check_missing_identifiers' reason='missing_required_identifier'
2026-08-19 22:45:11 | WARNING | Quarantined 94 row(s) at stage='check_negative_values' reason='negative_numeric_value'
2026-08-19 22:45:11 | INFO | Dropped 105 duplicate session action(s)
2026-08-19 22:45:11 | INFO | [batch_41] in=5000 out=4640 quarantined=360
2026-08-19 22:45:11 | WARNING | Quarantined 142 row(s) at stage='check_missing_identifiers' reason='missing_required_identifier'
2026-08-19 22:45:11 | WARNING | Quarantined 131 row(s) at stage='check_negative_values' reason='negative_numeric_value'
2026-08-19 22:45:11 | INFO | Dropped 111 duplicate session action(s)
2026-08-19 22:45:11 | INFO | [batch_42] in=5000 out=4616 quarantined=384
2026-08-19 22:45:11 | WARNING | Quarantined 150 row(s) at stage='check_missing_identifiers' reason='missing_required_identifier'
2026-08-19 22:45:11 | WARNING | Quarantined 97 row(s) at stage='check_negative_values' reason='negative_numeric_value'
2026-08-19 22:45:11 | INFO | Dropped 85 duplicate session action(s)
2026-08-19 22:45:11 | INFO | [batch_43] in=5000 out=4668 quarantined=332
2026-08-19 22:45:11 | WARNING | Quarantined 138 row(s) at stage='check_missing_identifiers' reason='missing_required_identifier'
2026-08-19 22:45:11 | WARNING | Quarantined 121 row(s) at stage='check_negative_values' reason='negative_numeric_value'
2026-08-19 22:45:11 | INFO | Dropped 82 duplicate session action(s)
2026-08-19 22:45:11 | INFO | [batch_44] in=5000 out=4659 quarantined=341
2026-08-19 22:45:11 | WARNING | Quarantined 138 row(s) at stage='check_missing_identifiers' reason='missing_required_identifier'
2026-08-19 22:45:11 | WARNING | Quarantined 113 row(s) at stage='check_negative_values' reason='negative_numeric_value'
2026-08-19 22:45:11 | INFO | Dropped 86 duplicate session action(s)
2026-08-19 22:45:11 | INFO | [batch_45] in=5000 out=4663 quarantined=337
2026-08-19 22:45:11 | WARNING | Quarantined 138 row(s) at stage='check_missing_identifiers' reason='missing_required_identifier'
2026-08-19 22:45:11 | WARNING | Quarantined 139 row(s) at stage='check_negative_values' reason='negative_numeric_value'
2026-08-19 22:45:11 | INFO | Dropped 93 duplicate session action(s)
2026-08-19 22:45:11 | INFO | [batch_46] in=5000 out=4630 quarantined=370
2026-08-19 22:45:11 | WARNING | Quarantined 160 row(s) at stage='check_missing_identifiers' reason='missing_required_identifier'
2026-08-19 22:45:11 | WARNING | Quarantined 128 row(s) at stage='check_negative_values' reason='negative_numeric_value'
2026-08-19 22:45:11 | INFO | Dropped 77 duplicate session action(s)
2026-08-19 22:45:11 | INFO | [batch_47] in=5000 out=4635 quarantined=365
2026-08-19 22:45:11 | WARNING | Quarantined 178 row(s) at stage='check_missing_identifiers' reason='missing_required_identifier'
2026-08-19 22:45:11 | WARNING | Quarantined 136 row(s) at stage='check_negative_values' reason='negative_numeric_value'
2026-08-19 22:45:11 | INFO | Dropped 84 duplicate session action(s)
2026-08-19 22:45:11 | INFO | [batch_48] in=5000 out=4602 quarantined=398
2026-08-19 22:45:11 | WARNING | Quarantined 147 row(s) at stage='check_missing_identifiers' reason='missing_required_identifier'
2026-08-19 22:45:11 | WARNING | Quarantined 120 row(s) at stage='check_negative_values' reason='negative_numeric_value'
2026-08-19 22:45:11 | INFO | Dropped 87 duplicate session action(s)
2026-08-19 22:45:11 | INFO | [batch_49] in=5000 out=4646 quarantined=354
2026-08-19 22:45:11 | WARNING | Quarantined 149 row(s) at stage='check_missing_identifiers' reason='missing_required_identifier'
2026-08-19 22:45:11 | WARNING | Quarantined 128 row(s) at stage='check_negative_values' reason='negative_numeric_value'
2026-08-19 22:45:11 | INFO | Dropped 70 duplicate session action(s)
2026-08-19 22:45:11 | INFO | [batch_50] in=5000 out=4653 quarantined=347
2026-08-19 22:45:11 | WARNING | Quarantined 149 row(s) at stage='check_missing_identifiers' reason='missing_required_identifier'
2026-08-19 22:45:11 | WARNING | Quarantined 113 row(s) at stage='check_negative_values' reason='negative_numeric_value'
2026-08-19 22:45:11 | INFO | Dropped 92 duplicate session action(s)
2026-08-19 22:45:11 | INFO | [batch_51] in=5000 out=4646 quarantined=354
2026-08-19 22:45:11 | WARNING | Quarantined 144 row(s) at stage='check_missing_identifiers' reason='missing_required_identifier'
2026-08-19 22:45:11 | WARNING | Quarantined 125 row(s) at stage='check_negative_values' reason='negative_numeric_value'
2026-08-19 22:45:11 | INFO | Dropped 99 duplicate session action(s)
2026-08-19 22:45:11 | INFO | [batch_52] in=5000 out=4632 quarantined=368
2026-08-19 22:45:11 | WARNING | Quarantined 159 row(s) at stage='check_missing_identifiers' reason='missing_required_identifier'
2026-08-19 22:45:11 | WARNING | Quarantined 112 row(s) at stage='check_negative_values' reason='negative_numeric_value'
2026-08-19 22:45:11 | INFO | Dropped 98 duplicate session action(s)
2026-08-19 22:45:11 | INFO | [batch_53] in=5000 out=4631 quarantined=369
2026-08-19 22:45:11 | WARNING | Quarantined 161 row(s) at stage='check_missing_identifiers' reason='missing_required_identifier'
2026-08-19 22:45:11 | WARNING | Quarantined 125 row(s) at stage='check_negative_values' reason='negative_numeric_value'
2026-08-19 22:45:11 | INFO | Dropped 78 duplicate session action(s)
2026-08-19 22:45:11 | INFO | [batch_54] in=5000 out=4636 quarantined=364
2026-08-19 22:45:11 | WARNING | Quarantined 125 row(s) at stage='check_missing_identifiers' reason='missing_required_identifier'
2026-08-19 22:45:11 | WARNING | Quarantined 135 row(s) at stage='check_negative_values' reason='negative_numeric_value'
2026-08-19 22:45:11 | INFO | Dropped 69 duplicate session action(s)
2026-08-19 22:45:11 | INFO | [batch_55] in=5000 out=4671 quarantined=329
2026-08-19 22:45:11 | WARNING | Quarantined 149 row(s) at stage='check_missing_identifiers' reason='missing_required_identifier'
2026-08-19 22:45:11 | WARNING | Quarantined 121 row(s) at stage='check_negative_values' reason='negative_numeric_value'
2026-08-19 22:45:11 | INFO | Dropped 79 duplicate session action(s)
2026-08-19 22:45:11 | INFO | [batch_56] in=5000 out=4651 quarantined=349
2026-08-19 22:45:11 | WARNING | Quarantined 140 row(s) at stage='check_missing_identifiers' reason='missing_required_identifier'
2026-08-19 22:45:11 | WARNING | Quarantined 133 row(s) at stage='check_negative_values' reason='negative_numeric_value'
2026-08-19 22:45:12 | INFO | Dropped 102 duplicate session action(s)
2026-08-19 22:45:12 | INFO | [batch_57] in=5000 out=4625 quarantined=375
2026-08-19 22:45:12 | WARNING | Quarantined 154 row(s) at stage='check_missing_identifiers' reason='missing_required_identifier'
2026-08-19 22:45:12 | WARNING | Quarantined 131 row(s) at stage='check_negative_values' reason='negative_numeric_value'
2026-08-19 22:45:12 | INFO | Dropped 74 duplicate session action(s)
2026-08-19 22:45:12 | INFO | [batch_58] in=5000 out=4641 quarantined=359
2026-08-19 22:45:12 | WARNING | Quarantined 151 row(s) at stage='check_missing_identifiers' reason='missing_required_identifier'
2026-08-19 22:45:12 | WARNING | Quarantined 120 row(s) at stage='check_negative_values' reason='negative_numeric_value'
2026-08-19 22:45:12 | INFO | Dropped 75 duplicate session action(s)
2026-08-19 22:45:12 | INFO | [batch_59] in=5000 out=4654 quarantined=346
2026-08-19 22:45:12 | WARNING | Quarantined 138 row(s) at stage='check_missing_identifiers' reason='missing_required_identifier'
2026-08-19 22:45:12 | WARNING | Quarantined 132 row(s) at stage='check_negative_values' reason='negative_numeric_value'
2026-08-19 22:45:12 | INFO | Dropped 92 duplicate session action(s)
2026-08-19 22:45:12 | INFO | [batch_60] in=5000 out=4638 quarantined=362
2026-08-19 22:45:12 | WARNING | Quarantined 157 row(s) at stage='check_missing_identifiers' reason='missing_required_identifier'
2026-08-19 22:45:12 | WARNING | Quarantined 121 row(s) at stage='check_negative_values' reason='negative_numeric_value'
2026-08-19 22:45:12 | INFO | Dropped 97 duplicate session action(s)
2026-08-19 22:45:12 | INFO | [batch_61] in=5000 out=4625 quarantined=375
2026-08-19 22:45:12 | WARNING | Quarantined 145 row(s) at stage='check_missing_identifiers' reason='missing_required_identifier'
2026-08-19 22:45:12 | WARNING | Quarantined 111 row(s) at stage='check_negative_values' reason='negative_numeric_value'
2026-08-19 22:45:12 | INFO | Dropped 76 duplicate session action(s)
2026-08-19 22:45:12 | INFO | [batch_62] in=5000 out=4668 quarantined=332
2026-08-19 22:45:12 | WARNING | Quarantined 160 row(s) at stage='check_missing_identifiers' reason='missing_required_identifier'
2026-08-19 22:45:12 | WARNING | Quarantined 124 row(s) at stage='check_negative_values' reason='negative_numeric_value'
2026-08-19 22:45:12 | INFO | Dropped 81 duplicate session action(s)
2026-08-19 22:45:12 | INFO | [batch_63] in=5000 out=4635 quarantined=365
2026-08-19 22:45:12 | WARNING | Quarantined 153 row(s) at stage='check_missing_identifiers' reason='missing_required_identifier'
2026-08-19 22:45:12 | WARNING | Quarantined 136 row(s) at stage='check_negative_values' reason='negative_numeric_value'
2026-08-19 22:45:12 | INFO | Dropped 106 duplicate session action(s)
2026-08-19 22:45:12 | INFO | [batch_64] in=5000 out=4605 quarantined=395
2026-08-19 22:45:12 | WARNING | Quarantined 129 row(s) at stage='check_missing_identifiers' reason='missing_required_identifier'
2026-08-19 22:45:12 | WARNING | Quarantined 121 row(s) at stage='check_negative_values' reason='negative_numeric_value'
2026-08-19 22:45:12 | INFO | Dropped 97 duplicate session action(s)
2026-08-19 22:45:12 | INFO | [batch_65] in=5000 out=4653 quarantined=347
2026-08-19 22:45:12 | WARNING | Quarantined 127 row(s) at stage='check_missing_identifiers' reason='missing_required_identifier'
2026-08-19 22:45:12 | WARNING | Quarantined 127 row(s) at stage='check_negative_values' reason='negative_numeric_value'
2026-08-19 22:45:12 | INFO | Dropped 78 duplicate session action(s)
2026-08-19 22:45:12 | INFO | [batch_66] in=5000 out=4668 quarantined=332
2026-08-19 22:45:12 | WARNING | Quarantined 153 row(s) at stage='check_missing_identifiers' reason='missing_required_identifier'
2026-08-19 22:45:12 | WARNING | Quarantined 112 row(s) at stage='check_negative_values' reason='negative_numeric_value'
2026-08-19 22:45:12 | INFO | Dropped 107 duplicate session action(s)
2026-08-19 22:45:12 | INFO | [batch_67] in=5000 out=4628 quarantined=372
2026-08-19 22:45:12 | WARNING | Quarantined 135 row(s) at stage='check_missing_identifiers' reason='missing_required_identifier'
2026-08-19 22:45:12 | WARNING | Quarantined 131 row(s) at stage='check_negative_values' reason='negative_numeric_value'
2026-08-19 22:45:12 | INFO | Dropped 92 duplicate session action(s)
2026-08-19 22:45:12 | INFO | [batch_68] in=5000 out=4642 quarantined=358
2026-08-19 22:45:12 | WARNING | Quarantined 137 row(s) at stage='check_missing_identifiers' reason='missing_required_identifier'
2026-08-19 22:45:12 | WARNING | Quarantined 123 row(s) at stage='check_negative_values' reason='negative_numeric_value'
2026-08-19 22:45:12 | INFO | Dropped 102 duplicate session action(s)
2026-08-19 22:45:12 | INFO | [batch_69] in=5000 out=4638 quarantined=362
2026-08-19 22:45:12 | WARNING | Quarantined 160 row(s) at stage='check_missing_identifiers' reason='missing_required_identifier'
2026-08-19 22:45:12 | WARNING | Quarantined 135 row(s) at stage='check_negative_values' reason='negative_numeric_value'
2026-08-19 22:45:12 | INFO | Dropped 102 duplicate session action(s)
2026-08-19 22:45:12 | INFO | [batch_70] in=5000 out=4603 quarantined=397
2026-08-19 22:45:12 | WARNING | Quarantined 158 row(s) at stage='check_missing_identifiers' reason='missing_required_identifier'
2026-08-19 22:45:12 | WARNING | Quarantined 125 row(s) at stage='check_negative_values' reason='negative_numeric_value'
2026-08-19 22:45:12 | INFO | Dropped 104 duplicate session action(s)
2026-08-19 22:45:12 | INFO | [batch_71] in=5000 out=4613 quarantined=387
2026-08-19 22:45:12 | WARNING | Quarantined 157 row(s) at stage='check_missing_identifiers' reason='missing_required_identifier'
2026-08-19 22:45:12 | WARNING | Quarantined 112 row(s) at stage='check_negative_values' reason='negative_numeric_value'
2026-08-19 22:45:12 | INFO | Dropped 99 duplicate session action(s)
2026-08-19 22:45:12 | INFO | [batch_72] in=5000 out=4632 quarantined=368
2026-08-19 22:45:12 | WARNING | Quarantined 138 row(s) at stage='check_missing_identifiers' reason='missing_required_identifier'
2026-08-19 22:45:12 | WARNING | Quarantined 106 row(s) at stage='check_negative_values' reason='negative_numeric_value'
2026-08-19 22:45:12 | INFO | Dropped 108 duplicate session action(s)
2026-08-19 22:45:12 | INFO | [batch_73] in=5000 out=4648 quarantined=352
2026-08-19 22:45:12 | WARNING | Quarantined 161 row(s) at stage='check_missing_identifiers' reason='missing_required_identifier'
2026-08-19 22:45:12 | WARNING | Quarantined 115 row(s) at stage='check_negative_values' reason='negative_numeric_value'
2026-08-19 22:45:12 | INFO | Dropped 107 duplicate session action(s)
2026-08-19 22:45:13 | INFO | [batch_74] in=5000 out=4617 quarantined=383
2026-08-19 22:45:13 | WARNING | Quarantined 152 row(s) at stage='check_missing_identifiers' reason='missing_required_identifier'
2026-08-19 22:45:13 | WARNING | Quarantined 120 row(s) at stage='check_negative_values' reason='negative_numeric_value'
2026-08-19 22:45:13 | INFO | Dropped 99 duplicate session action(s)
2026-08-19 22:45:13 | INFO | [batch_75] in=5000 out=4629 quarantined=371
2026-08-19 22:45:13 | WARNING | Quarantined 167 row(s) at stage='check_missing_identifiers' reason='missing_required_identifier'
2026-08-19 22:45:13 | WARNING | Quarantined 120 row(s) at stage='check_negative_values' reason='negative_numeric_value'
2026-08-19 22:45:13 | INFO | Dropped 84 duplicate session action(s)
2026-08-19 22:45:13 | INFO | [batch_76] in=5000 out=4629 quarantined=371
2026-08-19 22:45:13 | WARNING | Quarantined 157 row(s) at stage='check_missing_identifiers' reason='missing_required_identifier'
2026-08-19 22:45:13 | WARNING | Quarantined 109 row(s) at stage='check_negative_values' reason='negative_numeric_value'
2026-08-19 22:45:13 | INFO | Dropped 98 duplicate session action(s)
2026-08-19 22:45:13 | INFO | [batch_77] in=5000 out=4636 quarantined=364
2026-08-19 22:45:13 | WARNING | Quarantined 136 row(s) at stage='check_missing_identifiers' reason='missing_required_identifier'
2026-08-19 22:45:13 | WARNING | Quarantined 135 row(s) at stage='check_negative_values' reason='negative_numeric_value'
2026-08-19 22:45:13 | INFO | Dropped 96 duplicate session action(s)
2026-08-19 22:45:13 | INFO | [batch_78] in=5000 out=4633 quarantined=367
2026-08-19 22:45:13 | WARNING | Quarantined 143 row(s) at stage='check_missing_identifiers' reason='missing_required_identifier'
2026-08-19 22:45:13 | WARNING | Quarantined 114 row(s) at stage='check_negative_values' reason='negative_numeric_value'
2026-08-19 22:45:13 | INFO | Dropped 102 duplicate session action(s)
2026-08-19 22:45:13 | INFO | [batch_79] in=5000 out=4641 quarantined=359
2026-08-19 22:45:13 | WARNING | Quarantined 151 row(s) at stage='check_missing_identifiers' reason='missing_required_identifier'
2026-08-19 22:45:13 | WARNING | Quarantined 129 row(s) at stage='check_negative_values' reason='negative_numeric_value'
2026-08-19 22:45:13 | INFO | Dropped 76 duplicate session action(s)
2026-08-19 22:45:13 | INFO | [batch_80] in=5000 out=4644 quarantined=356
2026-08-19 22:45:13 | WARNING | Quarantined 169 row(s) at stage='check_missing_identifiers' reason='missing_required_identifier'
2026-08-19 22:45:13 | WARNING | Quarantined 134 row(s) at stage='check_negative_values' reason='negative_numeric_value'
2026-08-19 22:45:13 | INFO | Dropped 94 duplicate session action(s)
2026-08-19 22:45:13 | INFO | [batch_81] in=5000 out=4603 quarantined=397
2026-08-19 22:45:13 | WARNING | Quarantined 164 row(s) at stage='check_missing_identifiers' reason='missing_required_identifier'
2026-08-19 22:45:13 | WARNING | Quarantined 115 row(s) at stage='check_negative_values' reason='negative_numeric_value'
2026-08-19 22:45:13 | INFO | Dropped 104 duplicate session action(s)
2026-08-19 22:45:13 | INFO | [batch_82] in=5000 out=4617 quarantined=383
2026-08-19 22:45:13 | WARNING | Quarantined 171 row(s) at stage='check_missing_identifiers' reason='missing_required_identifier'
2026-08-19 22:45:13 | WARNING | Quarantined 115 row(s) at stage='check_negative_values' reason='negative_numeric_value'
2026-08-19 22:45:13 | INFO | Dropped 106 duplicate session action(s)
2026-08-19 22:45:13 | INFO | [batch_83] in=5000 out=4608 quarantined=392
2026-08-19 22:45:13 | WARNING | Quarantined 147 row(s) at stage='check_missing_identifiers' reason='missing_required_identifier'
2026-08-19 22:45:13 | WARNING | Quarantined 122 row(s) at stage='check_negative_values' reason='negative_numeric_value'
2026-08-19 22:45:13 | INFO | Dropped 83 duplicate session action(s)
2026-08-19 22:45:13 | INFO | [batch_84] in=5000 out=4648 quarantined=352
2026-08-19 22:45:13 | WARNING | Quarantined 150 row(s) at stage='check_missing_identifiers' reason='missing_required_identifier'
2026-08-19 22:45:13 | WARNING | Quarantined 122 row(s) at stage='check_negative_values' reason='negative_numeric_value'
2026-08-19 22:45:13 | INFO | Dropped 117 duplicate session action(s)
2026-08-19 22:45:13 | INFO | [batch_85] in=5000 out=4611 quarantined=389
2026-08-19 22:45:13 | WARNING | Quarantined 164 row(s) at stage='check_missing_identifiers' reason='missing_required_identifier'
2026-08-19 22:45:13 | WARNING | Quarantined 112 row(s) at stage='check_negative_values' reason='negative_numeric_value'
2026-08-19 22:45:13 | INFO | Dropped 116 duplicate session action(s)
2026-08-19 22:45:13 | INFO | [batch_86] in=5000 out=4608 quarantined=392
2026-08-19 22:45:13 | WARNING | Quarantined 148 row(s) at stage='check_missing_identifiers' reason='missing_required_identifier'
2026-08-19 22:45:13 | WARNING | Quarantined 130 row(s) at stage='check_negative_values' reason='negative_numeric_value'
2026-08-19 22:45:13 | INFO | Dropped 105 duplicate session action(s)
2026-08-19 22:45:13 | INFO | [batch_87] in=5000 out=4617 quarantined=383
2026-08-19 22:45:13 | WARNING | Quarantined 166 row(s) at stage='check_missing_identifiers' reason='missing_required_identifier'
2026-08-19 22:45:13 | WARNING | Quarantined 122 row(s) at stage='check_negative_values' reason='negative_numeric_value'
2026-08-19 22:45:13 | INFO | Dropped 71 duplicate session action(s)
2026-08-19 22:45:13 | INFO | [batch_88] in=5000 out=4641 quarantined=359
2026-08-19 22:45:13 | WARNING | Quarantined 132 row(s) at stage='check_missing_identifiers' reason='missing_required_identifier'
2026-08-19 22:45:13 | WARNING | Quarantined 136 row(s) at stage='check_negative_values' reason='negative_numeric_value'
2026-08-19 22:45:14 | INFO | Dropped 82 duplicate session action(s)
2026-08-19 22:45:14 | INFO | [batch_89] in=5000 out=4650 quarantined=350
2026-08-19 22:45:14 | WARNING | Quarantined 135 row(s) at stage='check_missing_identifiers' reason='missing_required_identifier'
2026-08-19 22:45:14 | WARNING | Quarantined 134 row(s) at stage='check_negative_values' reason='negative_numeric_value'
2026-08-19 22:45:14 | INFO | Dropped 93 duplicate session action(s)
2026-08-19 22:45:14 | INFO | [batch_90] in=5000 out=4638 quarantined=362
2026-08-19 22:45:14 | WARNING | Quarantined 140 row(s) at stage='check_missing_identifiers' reason='missing_required_identifier'
2026-08-19 22:45:14 | WARNING | Quarantined 113 row(s) at stage='check_negative_values' reason='negative_numeric_value'
2026-08-19 22:45:14 | INFO | Dropped 89 duplicate session action(s)
2026-08-19 22:45:14 | INFO | [batch_91] in=5000 out=4658 quarantined=342
2026-08-19 22:45:14 | WARNING | Quarantined 132 row(s) at stage='check_missing_identifiers' reason='missing_required_identifier'
2026-08-19 22:45:14 | WARNING | Quarantined 109 row(s) at stage='check_negative_values' reason='negative_numeric_value'
2026-08-19 22:45:14 | INFO | Dropped 95 duplicate session action(s)
2026-08-19 22:45:14 | INFO | [batch_92] in=5000 out=4664 quarantined=336
2026-08-19 22:45:14 | WARNING | Quarantined 159 row(s) at stage='check_missing_identifiers' reason='missing_required_identifier'
2026-08-19 22:45:14 | WARNING | Quarantined 113 row(s) at stage='check_negative_values' reason='negative_numeric_value'
2026-08-19 22:45:14 | INFO | Dropped 77 duplicate session action(s)
2026-08-19 22:45:14 | INFO | [batch_93] in=5000 out=4651 quarantined=349
2026-08-19 22:45:14 | WARNING | Quarantined 162 row(s) at stage='check_missing_identifiers' reason='missing_required_identifier'
2026-08-19 22:45:14 | WARNING | Quarantined 112 row(s) at stage='check_negative_values' reason='negative_numeric_value'
2026-08-19 22:45:14 | INFO | Dropped 84 duplicate session action(s)
2026-08-19 22:45:14 | INFO | [batch_94] in=5000 out=4642 quarantined=358
2026-08-19 22:45:14 | WARNING | Quarantined 122 row(s) at stage='check_missing_identifiers' reason='missing_required_identifier'
2026-08-19 22:45:14 | WARNING | Quarantined 125 row(s) at stage='check_negative_values' reason='negative_numeric_value'
2026-08-19 22:45:14 | INFO | Dropped 86 duplicate session action(s)
2026-08-19 22:45:14 | INFO | [batch_95] in=5000 out=4667 quarantined=333
2026-08-19 22:45:14 | WARNING | Quarantined 140 row(s) at stage='check_missing_identifiers' reason='missing_required_identifier'
2026-08-19 22:45:14 | WARNING | Quarantined 114 row(s) at stage='check_negative_values' reason='negative_numeric_value'
2026-08-19 22:45:14 | INFO | Dropped 96 duplicate session action(s)
2026-08-19 22:45:14 | INFO | [batch_96] in=5000 out=4650 quarantined=350
2026-08-19 22:45:14 | WARNING | Quarantined 173 row(s) at stage='check_missing_identifiers' reason='missing_required_identifier'
2026-08-19 22:45:14 | WARNING | Quarantined 121 row(s) at stage='check_negative_values' reason='negative_numeric_value'
2026-08-19 22:45:14 | INFO | Dropped 119 duplicate session action(s)
2026-08-19 22:45:14 | INFO | [batch_97] in=5000 out=4587 quarantined=413
2026-08-19 22:45:14 | WARNING | Quarantined 141 row(s) at stage='check_missing_identifiers' reason='missing_required_identifier'
2026-08-19 22:45:14 | WARNING | Quarantined 115 row(s) at stage='check_negative_values' reason='negative_numeric_value'
2026-08-19 22:45:14 | INFO | Dropped 91 duplicate session action(s)
2026-08-19 22:45:14 | INFO | [batch_98] in=5000 out=4653 quarantined=347
2026-08-19 22:45:14 | WARNING | Quarantined 11 row(s) at stage='check_missing_identifiers' reason='missing_required_identifier'
2026-08-19 22:45:14 | WARNING | Quarantined 10 row(s) at stage='check_negative_values' reason='negative_numeric_value'
2026-08-19 22:45:14 | INFO | Dropped 11 duplicate session action(s)
2026-08-19 22:45:14 | INFO | [batch_99] in=398 out=366 quarantined=32
2026-08-19 22:45:31 | INFO | Wrote 454499 row(s) to 'ladringan_saldua_prelim_project/data/analytics/events' partitioned by ['product_department']
2026-08-19 22:45:31 | INFO | Wrote 15 row(s) to 'ladringan_saldua_prelim_project/data/analytics/abandoned_metrics' partitioned by ['product_department']
2026-08-19 23:04:30 | INFO | Pipeline run started
2026-08-19 23:04:30 | WARNING | Quarantined 148 row(s) at stage='check_missing_identifiers' reason='missing_required_identifier'
2026-08-19 23:04:30 | WARNING | Quarantined 111 row(s) at stage='check_negative_values' reason='negative_numeric_value'
2026-08-19 23:04:30 | INFO | Dropped 69 duplicate session action(s)
2026-08-19 23:04:30 | INFO | [batch_1] in=5000 out=4672 quarantined=328
2026-08-19 23:04:30 | WARNING | Quarantined 140 row(s) at stage='check_missing_identifiers' reason='missing_required_identifier'
2026-08-19 23:04:30 | WARNING | Quarantined 116 row(s) at stage='check_negative_values' reason='negative_numeric_value'
2026-08-19 23:04:30 | INFO | Dropped 73 duplicate session action(s)
2026-08-19 23:04:30 | INFO | [batch_2] in=5000 out=4671 quarantined=329
2026-08-19 23:04:30 | WARNING | Quarantined 149 row(s) at stage='check_missing_identifiers' reason='missing_required_identifier'
2026-08-19 23:04:30 | WARNING | Quarantined 110 row(s) at stage='check_negative_values' reason='negative_numeric_value'
2026-08-19 23:04:30 | INFO | Dropped 96 duplicate session action(s)
2026-08-19 23:04:30 | INFO | [batch_3] in=5000 out=4645 quarantined=355
2026-08-19 23:04:30 | WARNING | Quarantined 149 row(s) at stage='check_missing_identifiers' reason='missing_required_identifier'
2026-08-19 23:04:30 | WARNING | Quarantined 102 row(s) at stage='check_negative_values' reason='negative_numeric_value'
2026-08-19 23:04:31 | INFO | Dropped 77 duplicate session action(s)
2026-08-19 23:04:31 | INFO | [batch_4] in=5000 out=4672 quarantined=328
2026-08-19 23:04:31 | WARNING | Quarantined 140 row(s) at stage='check_missing_identifiers' reason='missing_required_identifier'
2026-08-19 23:04:31 | WARNING | Quarantined 120 row(s) at stage='check_negative_values' reason='negative_numeric_value'
2026-08-19 23:04:31 | INFO | Dropped 87 duplicate session action(s)
2026-08-19 23:04:31 | INFO | [batch_5] in=5000 out=4653 quarantined=347
2026-08-19 23:04:31 | WARNING | Quarantined 148 row(s) at stage='check_missing_identifiers' reason='missing_required_identifier'
2026-08-19 23:04:31 | WARNING | Quarantined 118 row(s) at stage='check_negative_values' reason='negative_numeric_value'
2026-08-19 23:04:31 | INFO | Dropped 76 duplicate session action(s)
2026-08-19 23:04:31 | INFO | [batch_6] in=5000 out=4658 quarantined=342
2026-08-19 23:04:31 | WARNING | Quarantined 152 row(s) at stage='check_missing_identifiers' reason='missing_required_identifier'
2026-08-19 23:04:31 | WARNING | Quarantined 132 row(s) at stage='check_negative_values' reason='negative_numeric_value'
2026-08-19 23:04:31 | INFO | Dropped 72 duplicate session action(s)
2026-08-19 23:04:31 | INFO | [batch_7] in=5000 out=4644 quarantined=356
2026-08-19 23:04:31 | WARNING | Quarantined 167 row(s) at stage='check_missing_identifiers' reason='missing_required_identifier'
2026-08-19 23:04:31 | WARNING | Quarantined 132 row(s) at stage='check_negative_values' reason='negative_numeric_value'
2026-08-19 23:04:31 | INFO | Dropped 83 duplicate session action(s)
2026-08-19 23:04:31 | INFO | [batch_8] in=5000 out=4618 quarantined=382
2026-08-19 23:04:31 | WARNING | Quarantined 123 row(s) at stage='check_missing_identifiers' reason='missing_required_identifier'
2026-08-19 23:04:31 | WARNING | Quarantined 132 row(s) at stage='check_negative_values' reason='negative_numeric_value'
2026-08-19 23:04:31 | INFO | Dropped 71 duplicate session action(s)
2026-08-19 23:04:31 | INFO | [batch_9] in=5000 out=4674 quarantined=326
2026-08-19 23:04:31 | WARNING | Quarantined 167 row(s) at stage='check_missing_identifiers' reason='missing_required_identifier'
2026-08-19 23:04:31 | WARNING | Quarantined 135 row(s) at stage='check_negative_values' reason='negative_numeric_value'
2026-08-19 23:04:31 | INFO | Dropped 108 duplicate session action(s)
2026-08-19 23:04:31 | INFO | [batch_10] in=5000 out=4590 quarantined=410
2026-08-19 23:04:31 | WARNING | Quarantined 159 row(s) at stage='check_missing_identifiers' reason='missing_required_identifier'
2026-08-19 23:04:31 | WARNING | Quarantined 128 row(s) at stage='check_negative_values' reason='negative_numeric_value'
2026-08-19 23:04:31 | INFO | Dropped 95 duplicate session action(s)
2026-08-19 23:04:31 | INFO | [batch_11] in=5000 out=4618 quarantined=382
2026-08-19 23:04:31 | WARNING | Quarantined 145 row(s) at stage='check_missing_identifiers' reason='missing_required_identifier'
2026-08-19 23:04:31 | WARNING | Quarantined 129 row(s) at stage='check_negative_values' reason='negative_numeric_value'
2026-08-19 23:04:31 | INFO | Dropped 95 duplicate session action(s)
2026-08-19 23:04:31 | INFO | [batch_12] in=5000 out=4631 quarantined=369
2026-08-19 23:04:31 | WARNING | Quarantined 137 row(s) at stage='check_missing_identifiers' reason='missing_required_identifier'
2026-08-19 23:04:31 | WARNING | Quarantined 116 row(s) at stage='check_negative_values' reason='negative_numeric_value'
2026-08-19 23:04:31 | INFO | Dropped 106 duplicate session action(s)
2026-08-19 23:04:31 | INFO | [batch_13] in=5000 out=4641 quarantined=359
2026-08-19 23:04:31 | WARNING | Quarantined 134 row(s) at stage='check_missing_identifiers' reason='missing_required_identifier'
2026-08-19 23:04:31 | WARNING | Quarantined 123 row(s) at stage='check_negative_values' reason='negative_numeric_value'
2026-08-19 23:04:31 | INFO | Dropped 106 duplicate session action(s)
2026-08-19 23:04:31 | INFO | [batch_14] in=5000 out=4637 quarantined=363
2026-08-19 23:04:31 | WARNING | Quarantined 142 row(s) at stage='check_missing_identifiers' reason='missing_required_identifier'
2026-08-19 23:04:31 | WARNING | Quarantined 128 row(s) at stage='check_negative_values' reason='negative_numeric_value'
2026-08-19 23:04:31 | INFO | Dropped 117 duplicate session action(s)
2026-08-19 23:04:31 | INFO | [batch_15] in=5000 out=4613 quarantined=387
2026-08-19 23:04:31 | WARNING | Quarantined 140 row(s) at stage='check_missing_identifiers' reason='missing_required_identifier'
2026-08-19 23:04:31 | WARNING | Quarantined 112 row(s) at stage='check_negative_values' reason='negative_numeric_value'
2026-08-19 23:04:31 | INFO | Dropped 98 duplicate session action(s)
2026-08-19 23:04:31 | INFO | [batch_16] in=5000 out=4650 quarantined=350
2026-08-19 23:04:31 | WARNING | Quarantined 157 row(s) at stage='check_missing_identifiers' reason='missing_required_identifier'
2026-08-19 23:04:31 | WARNING | Quarantined 124 row(s) at stage='check_negative_values' reason='negative_numeric_value'
2026-08-19 23:04:31 | INFO | Dropped 106 duplicate session action(s)
2026-08-19 23:04:31 | INFO | [batch_17] in=5000 out=4613 quarantined=387
2026-08-19 23:04:31 | WARNING | Quarantined 160 row(s) at stage='check_missing_identifiers' reason='missing_required_identifier'
2026-08-19 23:04:31 | WARNING | Quarantined 105 row(s) at stage='check_negative_values' reason='negative_numeric_value'
2026-08-19 23:04:31 | INFO | Dropped 113 duplicate session action(s)
2026-08-19 23:04:31 | INFO | [batch_18] in=5000 out=4622 quarantined=378
2026-08-19 23:04:31 | WARNING | Quarantined 150 row(s) at stage='check_missing_identifiers' reason='missing_required_identifier'
2026-08-19 23:04:31 | WARNING | Quarantined 109 row(s) at stage='check_negative_values' reason='negative_numeric_value'
2026-08-19 23:04:31 | INFO | Dropped 98 duplicate session action(s)
2026-08-19 23:04:31 | INFO | [batch_19] in=5000 out=4643 quarantined=357
2026-08-19 23:04:31 | WARNING | Quarantined 151 row(s) at stage='check_missing_identifiers' reason='missing_required_identifier'
2026-08-19 23:04:31 | WARNING | Quarantined 124 row(s) at stage='check_negative_values' reason='negative_numeric_value'
2026-08-19 23:04:31 | INFO | Dropped 113 duplicate session action(s)
2026-08-19 23:04:31 | INFO | [batch_20] in=5000 out=4612 quarantined=388
2026-08-19 23:04:31 | WARNING | Quarantined 158 row(s) at stage='check_missing_identifiers' reason='missing_required_identifier'
2026-08-19 23:04:31 | WARNING | Quarantined 114 row(s) at stage='check_negative_values' reason='negative_numeric_value'
2026-08-19 23:04:32 | INFO | Dropped 113 duplicate session action(s)
2026-08-19 23:04:32 | INFO | [batch_21] in=5000 out=4615 quarantined=385
2026-08-19 23:04:32 | WARNING | Quarantined 141 row(s) at stage='check_missing_identifiers' reason='missing_required_identifier'
2026-08-19 23:04:32 | WARNING | Quarantined 113 row(s) at stage='check_negative_values' reason='negative_numeric_value'
2026-08-19 23:04:32 | INFO | Dropped 115 duplicate session action(s)
2026-08-19 23:04:32 | INFO | [batch_22] in=5000 out=4631 quarantined=369
2026-08-19 23:04:32 | WARNING | Quarantined 146 row(s) at stage='check_missing_identifiers' reason='missing_required_identifier'
2026-08-19 23:04:32 | WARNING | Quarantined 119 row(s) at stage='check_negative_values' reason='negative_numeric_value'
2026-08-19 23:04:32 | INFO | Dropped 103 duplicate session action(s)
2026-08-19 23:04:32 | INFO | [batch_23] in=5000 out=4632 quarantined=368
2026-08-19 23:04:32 | WARNING | Quarantined 141 row(s) at stage='check_missing_identifiers' reason='missing_required_identifier'
2026-08-19 23:04:32 | WARNING | Quarantined 124 row(s) at stage='check_negative_values' reason='negative_numeric_value'
2026-08-19 23:04:32 | INFO | Dropped 134 duplicate session action(s)
2026-08-19 23:04:32 | INFO | [batch_24] in=5000 out=4601 quarantined=399
2026-08-19 23:04:32 | WARNING | Quarantined 164 row(s) at stage='check_missing_identifiers' reason='missing_required_identifier'
2026-08-19 23:04:32 | WARNING | Quarantined 127 row(s) at stage='check_negative_values' reason='negative_numeric_value'
2026-08-19 23:04:32 | INFO | Dropped 114 duplicate session action(s)
2026-08-19 23:04:32 | INFO | [batch_25] in=5000 out=4595 quarantined=405
2026-08-19 23:04:32 | WARNING | Quarantined 150 row(s) at stage='check_missing_identifiers' reason='missing_required_identifier'
2026-08-19 23:04:32 | WARNING | Quarantined 116 row(s) at stage='check_negative_values' reason='negative_numeric_value'
2026-08-19 23:04:32 | INFO | Dropped 116 duplicate session action(s)
2026-08-19 23:04:32 | INFO | [batch_26] in=5000 out=4618 quarantined=382
2026-08-19 23:04:32 | WARNING | Quarantined 146 row(s) at stage='check_missing_identifiers' reason='missing_required_identifier'
2026-08-19 23:04:32 | WARNING | Quarantined 124 row(s) at stage='check_negative_values' reason='negative_numeric_value'
2026-08-19 23:04:32 | INFO | Dropped 104 duplicate session action(s)
2026-08-19 23:04:32 | INFO | [batch_27] in=5000 out=4626 quarantined=374
2026-08-19 23:04:32 | WARNING | Quarantined 128 row(s) at stage='check_missing_identifiers' reason='missing_required_identifier'
2026-08-19 23:04:32 | WARNING | Quarantined 124 row(s) at stage='check_negative_values' reason='negative_numeric_value'
2026-08-19 23:04:32 | INFO | Dropped 110 duplicate session action(s)
2026-08-19 23:04:32 | INFO | [batch_28] in=5000 out=4638 quarantined=362
2026-08-19 23:04:32 | WARNING | Quarantined 148 row(s) at stage='check_missing_identifiers' reason='missing_required_identifier'
2026-08-19 23:04:32 | WARNING | Quarantined 134 row(s) at stage='check_negative_values' reason='negative_numeric_value'
2026-08-19 23:04:32 | INFO | Dropped 110 duplicate session action(s)
2026-08-19 23:04:32 | INFO | [batch_29] in=5000 out=4608 quarantined=392
2026-08-19 23:04:32 | WARNING | Quarantined 123 row(s) at stage='check_missing_identifiers' reason='missing_required_identifier'
2026-08-19 23:04:32 | WARNING | Quarantined 113 row(s) at stage='check_negative_values' reason='negative_numeric_value'
2026-08-19 23:04:32 | INFO | Dropped 111 duplicate session action(s)
2026-08-19 23:04:32 | INFO | [batch_30] in=5000 out=4653 quarantined=347
2026-08-19 23:04:32 | WARNING | Quarantined 153 row(s) at stage='check_missing_identifiers' reason='missing_required_identifier'
2026-08-19 23:04:32 | WARNING | Quarantined 121 row(s) at stage='check_negative_values' reason='negative_numeric_value'
2026-08-19 23:04:32 | INFO | Dropped 119 duplicate session action(s)
2026-08-19 23:04:32 | INFO | [batch_31] in=5000 out=4607 quarantined=393
2026-08-19 23:04:32 | WARNING | Quarantined 115 row(s) at stage='check_missing_identifiers' reason='missing_required_identifier'
2026-08-19 23:04:32 | WARNING | Quarantined 112 row(s) at stage='check_negative_values' reason='negative_numeric_value'
2026-08-19 23:04:32 | INFO | Dropped 109 duplicate session action(s)
2026-08-19 23:04:32 | INFO | [batch_32] in=5000 out=4664 quarantined=336
2026-08-19 23:04:32 | WARNING | Quarantined 150 row(s) at stage='check_missing_identifiers' reason='missing_required_identifier'
2026-08-19 23:04:32 | WARNING | Quarantined 105 row(s) at stage='check_negative_values' reason='negative_numeric_value'
2026-08-19 23:04:32 | INFO | Dropped 108 duplicate session action(s)
2026-08-19 23:04:32 | INFO | [batch_33] in=5000 out=4637 quarantined=363
2026-08-19 23:04:32 | WARNING | Quarantined 153 row(s) at stage='check_missing_identifiers' reason='missing_required_identifier'
2026-08-19 23:04:32 | WARNING | Quarantined 114 row(s) at stage='check_negative_values' reason='negative_numeric_value'
2026-08-19 23:04:32 | INFO | Dropped 139 duplicate session action(s)
2026-08-19 23:04:32 | INFO | [batch_34] in=5000 out=4594 quarantined=406
2026-08-19 23:04:32 | WARNING | Quarantined 158 row(s) at stage='check_missing_identifiers' reason='missing_required_identifier'
2026-08-19 23:04:32 | WARNING | Quarantined 121 row(s) at stage='check_negative_values' reason='negative_numeric_value'
2026-08-19 23:04:32 | INFO | Dropped 125 duplicate session action(s)
2026-08-19 23:04:32 | INFO | [batch_35] in=5000 out=4596 quarantined=404
2026-08-19 23:04:32 | WARNING | Quarantined 150 row(s) at stage='check_missing_identifiers' reason='missing_required_identifier'
2026-08-19 23:04:32 | WARNING | Quarantined 114 row(s) at stage='check_negative_values' reason='negative_numeric_value'
2026-08-19 23:04:33 | INFO | Dropped 123 duplicate session action(s)
2026-08-19 23:04:33 | INFO | [batch_36] in=5000 out=4613 quarantined=387
2026-08-19 23:04:33 | WARNING | Quarantined 150 row(s) at stage='check_missing_identifiers' reason='missing_required_identifier'
2026-08-19 23:04:33 | WARNING | Quarantined 128 row(s) at stage='check_negative_values' reason='negative_numeric_value'
2026-08-19 23:04:33 | INFO | Dropped 127 duplicate session action(s)
2026-08-19 23:04:33 | INFO | [batch_37] in=5000 out=4595 quarantined=405
2026-08-19 23:04:33 | WARNING | Quarantined 166 row(s) at stage='check_missing_identifiers' reason='missing_required_identifier'
2026-08-19 23:04:33 | WARNING | Quarantined 132 row(s) at stage='check_negative_values' reason='negative_numeric_value'
2026-08-19 23:04:33 | INFO | Dropped 100 duplicate session action(s)
2026-08-19 23:04:33 | INFO | [batch_38] in=5000 out=4602 quarantined=398
2026-08-19 23:04:33 | WARNING | Quarantined 127 row(s) at stage='check_missing_identifiers' reason='missing_required_identifier'
2026-08-19 23:04:33 | WARNING | Quarantined 118 row(s) at stage='check_negative_values' reason='negative_numeric_value'
2026-08-19 23:04:33 | INFO | Dropped 106 duplicate session action(s)
2026-08-19 23:04:33 | INFO | [batch_39] in=5000 out=4649 quarantined=351
2026-08-19 23:04:33 | WARNING | Quarantined 143 row(s) at stage='check_missing_identifiers' reason='missing_required_identifier'
2026-08-19 23:04:33 | WARNING | Quarantined 113 row(s) at stage='check_negative_values' reason='negative_numeric_value'
2026-08-19 23:04:33 | INFO | Dropped 99 duplicate session action(s)
2026-08-19 23:04:33 | INFO | [batch_40] in=5000 out=4645 quarantined=355
2026-08-19 23:04:33 | WARNING | Quarantined 161 row(s) at stage='check_missing_identifiers' reason='missing_required_identifier'
2026-08-19 23:04:33 | WARNING | Quarantined 94 row(s) at stage='check_negative_values' reason='negative_numeric_value'
2026-08-19 23:04:33 | INFO | Dropped 105 duplicate session action(s)
2026-08-19 23:04:33 | INFO | [batch_41] in=5000 out=4640 quarantined=360
2026-08-19 23:04:33 | WARNING | Quarantined 142 row(s) at stage='check_missing_identifiers' reason='missing_required_identifier'
2026-08-19 23:04:33 | WARNING | Quarantined 131 row(s) at stage='check_negative_values' reason='negative_numeric_value'
2026-08-19 23:04:33 | INFO | Dropped 111 duplicate session action(s)
2026-08-19 23:04:33 | INFO | [batch_42] in=5000 out=4616 quarantined=384
2026-08-19 23:04:33 | WARNING | Quarantined 150 row(s) at stage='check_missing_identifiers' reason='missing_required_identifier'
2026-08-19 23:04:33 | WARNING | Quarantined 97 row(s) at stage='check_negative_values' reason='negative_numeric_value'
2026-08-19 23:04:33 | INFO | Dropped 85 duplicate session action(s)
2026-08-19 23:04:33 | INFO | [batch_43] in=5000 out=4668 quarantined=332
2026-08-19 23:04:33 | WARNING | Quarantined 138 row(s) at stage='check_missing_identifiers' reason='missing_required_identifier'
2026-08-19 23:04:33 | WARNING | Quarantined 121 row(s) at stage='check_negative_values' reason='negative_numeric_value'
2026-08-19 23:04:33 | INFO | Dropped 82 duplicate session action(s)
2026-08-19 23:04:33 | INFO | [batch_44] in=5000 out=4659 quarantined=341
2026-08-19 23:04:33 | WARNING | Quarantined 138 row(s) at stage='check_missing_identifiers' reason='missing_required_identifier'
2026-08-19 23:04:33 | WARNING | Quarantined 113 row(s) at stage='check_negative_values' reason='negative_numeric_value'
2026-08-19 23:04:33 | INFO | Dropped 86 duplicate session action(s)
2026-08-19 23:04:33 | INFO | [batch_45] in=5000 out=4663 quarantined=337
2026-08-19 23:04:33 | WARNING | Quarantined 138 row(s) at stage='check_missing_identifiers' reason='missing_required_identifier'
2026-08-19 23:04:33 | WARNING | Quarantined 139 row(s) at stage='check_negative_values' reason='negative_numeric_value'
2026-08-19 23:04:33 | INFO | Dropped 93 duplicate session action(s)
2026-08-19 23:04:33 | INFO | [batch_46] in=5000 out=4630 quarantined=370
2026-08-19 23:04:33 | WARNING | Quarantined 160 row(s) at stage='check_missing_identifiers' reason='missing_required_identifier'
2026-08-19 23:04:33 | WARNING | Quarantined 128 row(s) at stage='check_negative_values' reason='negative_numeric_value'
2026-08-19 23:04:33 | INFO | Dropped 77 duplicate session action(s)
2026-08-19 23:04:33 | INFO | [batch_47] in=5000 out=4635 quarantined=365
2026-08-19 23:04:33 | WARNING | Quarantined 178 row(s) at stage='check_missing_identifiers' reason='missing_required_identifier'
2026-08-19 23:04:33 | WARNING | Quarantined 136 row(s) at stage='check_negative_values' reason='negative_numeric_value'
2026-08-19 23:04:33 | INFO | Dropped 84 duplicate session action(s)
2026-08-19 23:04:33 | INFO | [batch_48] in=5000 out=4602 quarantined=398
2026-08-19 23:04:33 | WARNING | Quarantined 147 row(s) at stage='check_missing_identifiers' reason='missing_required_identifier'
2026-08-19 23:04:33 | WARNING | Quarantined 120 row(s) at stage='check_negative_values' reason='negative_numeric_value'
2026-08-19 23:04:33 | INFO | Dropped 87 duplicate session action(s)
2026-08-19 23:04:33 | INFO | [batch_49] in=5000 out=4646 quarantined=354
2026-08-19 23:04:33 | WARNING | Quarantined 149 row(s) at stage='check_missing_identifiers' reason='missing_required_identifier'
2026-08-19 23:04:33 | WARNING | Quarantined 128 row(s) at stage='check_negative_values' reason='negative_numeric_value'
2026-08-19 23:04:33 | INFO | Dropped 70 duplicate session action(s)
2026-08-19 23:04:33 | INFO | [batch_50] in=5000 out=4653 quarantined=347
2026-08-19 23:04:33 | WARNING | Quarantined 149 row(s) at stage='check_missing_identifiers' reason='missing_required_identifier'
2026-08-19 23:04:33 | WARNING | Quarantined 113 row(s) at stage='check_negative_values' reason='negative_numeric_value'
2026-08-19 23:04:34 | INFO | Dropped 92 duplicate session action(s)
2026-08-19 23:04:34 | INFO | [batch_51] in=5000 out=4646 quarantined=354
2026-08-19 23:04:34 | WARNING | Quarantined 144 row(s) at stage='check_missing_identifiers' reason='missing_required_identifier'
2026-08-19 23:04:34 | WARNING | Quarantined 125 row(s) at stage='check_negative_values' reason='negative_numeric_value'
2026-08-19 23:04:34 | INFO | Dropped 99 duplicate session action(s)
2026-08-19 23:04:34 | INFO | [batch_52] in=5000 out=4632 quarantined=368
2026-08-19 23:04:34 | WARNING | Quarantined 159 row(s) at stage='check_missing_identifiers' reason='missing_required_identifier'
2026-08-19 23:04:34 | WARNING | Quarantined 112 row(s) at stage='check_negative_values' reason='negative_numeric_value'
2026-08-19 23:04:34 | INFO | Dropped 98 duplicate session action(s)
2026-08-19 23:04:34 | INFO | [batch_53] in=5000 out=4631 quarantined=369
2026-08-19 23:04:34 | WARNING | Quarantined 161 row(s) at stage='check_missing_identifiers' reason='missing_required_identifier'
2026-08-19 23:04:34 | WARNING | Quarantined 125 row(s) at stage='check_negative_values' reason='negative_numeric_value'
2026-08-19 23:04:34 | INFO | Dropped 78 duplicate session action(s)
2026-08-19 23:04:34 | INFO | [batch_54] in=5000 out=4636 quarantined=364
2026-08-19 23:04:34 | WARNING | Quarantined 125 row(s) at stage='check_missing_identifiers' reason='missing_required_identifier'
2026-08-19 23:04:34 | WARNING | Quarantined 135 row(s) at stage='check_negative_values' reason='negative_numeric_value'
2026-08-19 23:04:34 | INFO | Dropped 69 duplicate session action(s)
2026-08-19 23:04:34 | INFO | [batch_55] in=5000 out=4671 quarantined=329
2026-08-19 23:04:34 | WARNING | Quarantined 149 row(s) at stage='check_missing_identifiers' reason='missing_required_identifier'
2026-08-19 23:04:34 | WARNING | Quarantined 121 row(s) at stage='check_negative_values' reason='negative_numeric_value'
2026-08-19 23:04:34 | INFO | Dropped 79 duplicate session action(s)
2026-08-19 23:04:34 | INFO | [batch_56] in=5000 out=4651 quarantined=349
2026-08-19 23:04:34 | WARNING | Quarantined 140 row(s) at stage='check_missing_identifiers' reason='missing_required_identifier'
2026-08-19 23:04:34 | WARNING | Quarantined 133 row(s) at stage='check_negative_values' reason='negative_numeric_value'
2026-08-19 23:04:34 | INFO | Dropped 102 duplicate session action(s)
2026-08-19 23:04:34 | INFO | [batch_57] in=5000 out=4625 quarantined=375
2026-08-19 23:04:34 | WARNING | Quarantined 154 row(s) at stage='check_missing_identifiers' reason='missing_required_identifier'
2026-08-19 23:04:34 | WARNING | Quarantined 131 row(s) at stage='check_negative_values' reason='negative_numeric_value'
2026-08-19 23:04:34 | INFO | Dropped 74 duplicate session action(s)
2026-08-19 23:04:34 | INFO | [batch_58] in=5000 out=4641 quarantined=359
2026-08-19 23:04:34 | WARNING | Quarantined 151 row(s) at stage='check_missing_identifiers' reason='missing_required_identifier'
2026-08-19 23:04:34 | WARNING | Quarantined 120 row(s) at stage='check_negative_values' reason='negative_numeric_value'
2026-08-19 23:04:34 | INFO | Dropped 75 duplicate session action(s)
2026-08-19 23:04:34 | INFO | [batch_59] in=5000 out=4654 quarantined=346
2026-08-19 23:04:34 | WARNING | Quarantined 138 row(s) at stage='check_missing_identifiers' reason='missing_required_identifier'
2026-08-19 23:04:34 | WARNING | Quarantined 132 row(s) at stage='check_negative_values' reason='negative_numeric_value'
2026-08-19 23:04:34 | INFO | Dropped 92 duplicate session action(s)
2026-08-19 23:04:34 | INFO | [batch_60] in=5000 out=4638 quarantined=362
2026-08-19 23:04:34 | WARNING | Quarantined 157 row(s) at stage='check_missing_identifiers' reason='missing_required_identifier'
2026-08-19 23:04:34 | WARNING | Quarantined 121 row(s) at stage='check_negative_values' reason='negative_numeric_value'
2026-08-19 23:04:34 | INFO | Dropped 97 duplicate session action(s)
2026-08-19 23:04:34 | INFO | [batch_61] in=5000 out=4625 quarantined=375
2026-08-19 23:04:34 | WARNING | Quarantined 145 row(s) at stage='check_missing_identifiers' reason='missing_required_identifier'
2026-08-19 23:04:34 | WARNING | Quarantined 111 row(s) at stage='check_negative_values' reason='negative_numeric_value'
2026-08-19 23:04:34 | INFO | Dropped 76 duplicate session action(s)
2026-08-19 23:04:34 | INFO | [batch_62] in=5000 out=4668 quarantined=332
2026-08-19 23:04:34 | WARNING | Quarantined 160 row(s) at stage='check_missing_identifiers' reason='missing_required_identifier'
2026-08-19 23:04:34 | WARNING | Quarantined 124 row(s) at stage='check_negative_values' reason='negative_numeric_value'
2026-08-19 23:04:34 | INFO | Dropped 81 duplicate session action(s)
2026-08-19 23:04:34 | INFO | [batch_63] in=5000 out=4635 quarantined=365
2026-08-19 23:04:34 | WARNING | Quarantined 153 row(s) at stage='check_missing_identifiers' reason='missing_required_identifier'
2026-08-19 23:04:34 | WARNING | Quarantined 136 row(s) at stage='check_negative_values' reason='negative_numeric_value'
2026-08-19 23:04:34 | INFO | Dropped 106 duplicate session action(s)
2026-08-19 23:04:34 | INFO | [batch_64] in=5000 out=4605 quarantined=395
2026-08-19 23:04:34 | WARNING | Quarantined 129 row(s) at stage='check_missing_identifiers' reason='missing_required_identifier'
2026-08-19 23:04:34 | WARNING | Quarantined 121 row(s) at stage='check_negative_values' reason='negative_numeric_value'
2026-08-19 23:04:34 | INFO | Dropped 97 duplicate session action(s)
2026-08-19 23:04:34 | INFO | [batch_65] in=5000 out=4653 quarantined=347
2026-08-19 23:04:34 | WARNING | Quarantined 127 row(s) at stage='check_missing_identifiers' reason='missing_required_identifier'
2026-08-19 23:04:34 | WARNING | Quarantined 127 row(s) at stage='check_negative_values' reason='negative_numeric_value'
2026-08-19 23:04:34 | INFO | Dropped 78 duplicate session action(s)
2026-08-19 23:04:34 | INFO | [batch_66] in=5000 out=4668 quarantined=332
2026-08-19 23:04:34 | WARNING | Quarantined 153 row(s) at stage='check_missing_identifiers' reason='missing_required_identifier'
2026-08-19 23:04:34 | WARNING | Quarantined 112 row(s) at stage='check_negative_values' reason='negative_numeric_value'
2026-08-19 23:04:34 | INFO | Dropped 107 duplicate session action(s)
2026-08-19 23:04:34 | INFO | [batch_67] in=5000 out=4628 quarantined=372
2026-08-19 23:04:34 | WARNING | Quarantined 135 row(s) at stage='check_missing_identifiers' reason='missing_required_identifier'
2026-08-19 23:04:35 | WARNING | Quarantined 131 row(s) at stage='check_negative_values' reason='negative_numeric_value'
2026-08-19 23:04:35 | INFO | Dropped 92 duplicate session action(s)
2026-08-19 23:04:35 | INFO | [batch_68] in=5000 out=4642 quarantined=358
2026-08-19 23:04:35 | WARNING | Quarantined 137 row(s) at stage='check_missing_identifiers' reason='missing_required_identifier'
2026-08-19 23:04:35 | WARNING | Quarantined 123 row(s) at stage='check_negative_values' reason='negative_numeric_value'
2026-08-19 23:04:35 | INFO | Dropped 102 duplicate session action(s)
2026-08-19 23:04:35 | INFO | [batch_69] in=5000 out=4638 quarantined=362
2026-08-19 23:04:35 | WARNING | Quarantined 160 row(s) at stage='check_missing_identifiers' reason='missing_required_identifier'
2026-08-19 23:04:35 | WARNING | Quarantined 135 row(s) at stage='check_negative_values' reason='negative_numeric_value'
2026-08-19 23:04:35 | INFO | Dropped 102 duplicate session action(s)
2026-08-19 23:04:35 | INFO | [batch_70] in=5000 out=4603 quarantined=397
2026-08-19 23:04:35 | WARNING | Quarantined 158 row(s) at stage='check_missing_identifiers' reason='missing_required_identifier'
2026-08-19 23:04:35 | WARNING | Quarantined 125 row(s) at stage='check_negative_values' reason='negative_numeric_value'
2026-08-19 23:04:35 | INFO | Dropped 104 duplicate session action(s)
2026-08-19 23:04:35 | INFO | [batch_71] in=5000 out=4613 quarantined=387
2026-08-19 23:04:35 | WARNING | Quarantined 157 row(s) at stage='check_missing_identifiers' reason='missing_required_identifier'
2026-08-19 23:04:35 | WARNING | Quarantined 112 row(s) at stage='check_negative_values' reason='negative_numeric_value'
2026-08-19 23:04:35 | INFO | Dropped 99 duplicate session action(s)
2026-08-19 23:04:35 | INFO | [batch_72] in=5000 out=4632 quarantined=368
2026-08-19 23:04:35 | WARNING | Quarantined 138 row(s) at stage='check_missing_identifiers' reason='missing_required_identifier'
2026-08-19 23:04:35 | WARNING | Quarantined 106 row(s) at stage='check_negative_values' reason='negative_numeric_value'
2026-08-19 23:04:35 | INFO | Dropped 108 duplicate session action(s)
2026-08-19 23:04:35 | INFO | [batch_73] in=5000 out=4648 quarantined=352
2026-08-19 23:04:35 | WARNING | Quarantined 161 row(s) at stage='check_missing_identifiers' reason='missing_required_identifier'
2026-08-19 23:04:35 | WARNING | Quarantined 115 row(s) at stage='check_negative_values' reason='negative_numeric_value'
2026-08-19 23:04:35 | INFO | Dropped 107 duplicate session action(s)
2026-08-19 23:04:35 | INFO | [batch_74] in=5000 out=4617 quarantined=383
2026-08-19 23:04:35 | WARNING | Quarantined 152 row(s) at stage='check_missing_identifiers' reason='missing_required_identifier'
2026-08-19 23:04:35 | WARNING | Quarantined 120 row(s) at stage='check_negative_values' reason='negative_numeric_value'
2026-08-19 23:04:35 | INFO | Dropped 99 duplicate session action(s)
2026-08-19 23:04:35 | INFO | [batch_75] in=5000 out=4629 quarantined=371
2026-08-19 23:04:35 | WARNING | Quarantined 167 row(s) at stage='check_missing_identifiers' reason='missing_required_identifier'
2026-08-19 23:04:35 | WARNING | Quarantined 120 row(s) at stage='check_negative_values' reason='negative_numeric_value'
2026-08-19 23:04:35 | INFO | Dropped 84 duplicate session action(s)
2026-08-19 23:04:35 | INFO | [batch_76] in=5000 out=4629 quarantined=371
2026-08-19 23:04:35 | WARNING | Quarantined 157 row(s) at stage='check_missing_identifiers' reason='missing_required_identifier'
2026-08-19 23:04:35 | WARNING | Quarantined 109 row(s) at stage='check_negative_values' reason='negative_numeric_value'
2026-08-19 23:04:35 | INFO | Dropped 98 duplicate session action(s)
2026-08-19 23:04:35 | INFO | [batch_77] in=5000 out=4636 quarantined=364
2026-08-19 23:04:35 | WARNING | Quarantined 136 row(s) at stage='check_missing_identifiers' reason='missing_required_identifier'
2026-08-19 23:04:35 | WARNING | Quarantined 135 row(s) at stage='check_negative_values' reason='negative_numeric_value'
2026-08-19 23:04:35 | INFO | Dropped 96 duplicate session action(s)
2026-08-19 23:04:35 | INFO | [batch_78] in=5000 out=4633 quarantined=367
2026-08-19 23:04:35 | WARNING | Quarantined 143 row(s) at stage='check_missing_identifiers' reason='missing_required_identifier'
2026-08-19 23:04:35 | WARNING | Quarantined 114 row(s) at stage='check_negative_values' reason='negative_numeric_value'
2026-08-19 23:04:35 | INFO | Dropped 102 duplicate session action(s)
2026-08-19 23:04:35 | INFO | [batch_79] in=5000 out=4641 quarantined=359
2026-08-19 23:04:35 | WARNING | Quarantined 151 row(s) at stage='check_missing_identifiers' reason='missing_required_identifier'
2026-08-19 23:04:35 | WARNING | Quarantined 129 row(s) at stage='check_negative_values' reason='negative_numeric_value'
2026-08-19 23:04:35 | INFO | Dropped 76 duplicate session action(s)
2026-08-19 23:04:35 | INFO | [batch_80] in=5000 out=4644 quarantined=356
2026-08-19 23:04:35 | WARNING | Quarantined 169 row(s) at stage='check_missing_identifiers' reason='missing_required_identifier'
2026-08-19 23:04:35 | WARNING | Quarantined 134 row(s) at stage='check_negative_values' reason='negative_numeric_value'
2026-08-19 23:04:35 | INFO | Dropped 94 duplicate session action(s)
2026-08-19 23:04:35 | INFO | [batch_81] in=5000 out=4603 quarantined=397
2026-08-19 23:04:35 | WARNING | Quarantined 164 row(s) at stage='check_missing_identifiers' reason='missing_required_identifier'
2026-08-19 23:04:35 | WARNING | Quarantined 115 row(s) at stage='check_negative_values' reason='negative_numeric_value'
2026-08-19 23:04:35 | INFO | Dropped 104 duplicate session action(s)
2026-08-19 23:04:35 | INFO | [batch_82] in=5000 out=4617 quarantined=383
2026-08-19 23:04:35 | WARNING | Quarantined 171 row(s) at stage='check_missing_identifiers' reason='missing_required_identifier'
2026-08-19 23:04:35 | WARNING | Quarantined 115 row(s) at stage='check_negative_values' reason='negative_numeric_value'
2026-08-19 23:04:35 | INFO | Dropped 106 duplicate session action(s)
2026-08-19 23:04:35 | INFO | [batch_83] in=5000 out=4608 quarantined=392
2026-08-19 23:04:35 | WARNING | Quarantined 147 row(s) at stage='check_missing_identifiers' reason='missing_required_identifier'
2026-08-19 23:04:35 | WARNING | Quarantined 122 row(s) at stage='check_negative_values' reason='negative_numeric_value'
2026-08-19 23:04:35 | INFO | Dropped 83 duplicate session action(s)
2026-08-19 23:04:35 | INFO | [batch_84] in=5000 out=4648 quarantined=352
2026-08-19 23:04:35 | WARNING | Quarantined 150 row(s) at stage='check_missing_identifiers' reason='missing_required_identifier'
2026-08-19 23:04:35 | WARNING | Quarantined 122 row(s) at stage='check_negative_values' reason='negative_numeric_value'
2026-08-19 23:04:35 | INFO | Dropped 117 duplicate session action(s)
2026-08-19 23:04:35 | INFO | [batch_85] in=5000 out=4611 quarantined=389
2026-08-19 23:04:36 | WARNING | Quarantined 164 row(s) at stage='check_missing_identifiers' reason='missing_required_identifier'
2026-08-19 23:04:36 | WARNING | Quarantined 112 row(s) at stage='check_negative_values' reason='negative_numeric_value'
2026-08-19 23:04:36 | INFO | Dropped 116 duplicate session action(s)
2026-08-19 23:04:36 | INFO | [batch_86] in=5000 out=4608 quarantined=392
2026-08-19 23:04:36 | WARNING | Quarantined 148 row(s) at stage='check_missing_identifiers' reason='missing_required_identifier'
2026-08-19 23:04:36 | WARNING | Quarantined 130 row(s) at stage='check_negative_values' reason='negative_numeric_value'
2026-08-19 23:04:36 | INFO | Dropped 105 duplicate session action(s)
2026-08-19 23:04:36 | INFO | [batch_87] in=5000 out=4617 quarantined=383
2026-08-19 23:04:36 | WARNING | Quarantined 166 row(s) at stage='check_missing_identifiers' reason='missing_required_identifier'
2026-08-19 23:04:36 | WARNING | Quarantined 122 row(s) at stage='check_negative_values' reason='negative_numeric_value'
2026-08-19 23:04:36 | INFO | Dropped 71 duplicate session action(s)
2026-08-19 23:04:36 | INFO | [batch_88] in=5000 out=4641 quarantined=359
2026-08-19 23:04:36 | WARNING | Quarantined 132 row(s) at stage='check_missing_identifiers' reason='missing_required_identifier'
2026-08-19 23:04:36 | WARNING | Quarantined 136 row(s) at stage='check_negative_values' reason='negative_numeric_value'
2026-08-19 23:04:36 | INFO | Dropped 82 duplicate session action(s)
2026-08-19 23:04:36 | INFO | [batch_89] in=5000 out=4650 quarantined=350
2026-08-19 23:04:36 | WARNING | Quarantined 135 row(s) at stage='check_missing_identifiers' reason='missing_required_identifier'
2026-08-19 23:04:36 | WARNING | Quarantined 134 row(s) at stage='check_negative_values' reason='negative_numeric_value'
2026-08-19 23:04:36 | INFO | Dropped 93 duplicate session action(s)
2026-08-19 23:04:36 | INFO | [batch_90] in=5000 out=4638 quarantined=362
2026-08-19 23:04:36 | WARNING | Quarantined 140 row(s) at stage='check_missing_identifiers' reason='missing_required_identifier'
2026-08-19 23:04:36 | WARNING | Quarantined 113 row(s) at stage='check_negative_values' reason='negative_numeric_value'
2026-08-19 23:04:36 | INFO | Dropped 89 duplicate session action(s)
2026-08-19 23:04:36 | INFO | [batch_91] in=5000 out=4658 quarantined=342
2026-08-19 23:04:36 | WARNING | Quarantined 132 row(s) at stage='check_missing_identifiers' reason='missing_required_identifier'
2026-08-19 23:04:36 | WARNING | Quarantined 109 row(s) at stage='check_negative_values' reason='negative_numeric_value'
2026-08-19 23:04:36 | INFO | Dropped 95 duplicate session action(s)
2026-08-19 23:04:36 | INFO | [batch_92] in=5000 out=4664 quarantined=336
2026-08-19 23:04:36 | WARNING | Quarantined 159 row(s) at stage='check_missing_identifiers' reason='missing_required_identifier'
2026-08-19 23:04:36 | WARNING | Quarantined 113 row(s) at stage='check_negative_values' reason='negative_numeric_value'
2026-08-19 23:04:36 | INFO | Dropped 77 duplicate session action(s)
2026-08-19 23:04:36 | INFO | [batch_93] in=5000 out=4651 quarantined=349
2026-08-19 23:04:36 | WARNING | Quarantined 162 row(s) at stage='check_missing_identifiers' reason='missing_required_identifier'
2026-08-19 23:04:36 | WARNING | Quarantined 112 row(s) at stage='check_negative_values' reason='negative_numeric_value'
2026-08-19 23:04:36 | INFO | Dropped 84 duplicate session action(s)
2026-08-19 23:04:36 | INFO | [batch_94] in=5000 out=4642 quarantined=358
2026-08-19 23:04:36 | WARNING | Quarantined 122 row(s) at stage='check_missing_identifiers' reason='missing_required_identifier'
2026-08-19 23:04:36 | WARNING | Quarantined 125 row(s) at stage='check_negative_values' reason='negative_numeric_value'
2026-08-19 23:04:36 | INFO | Dropped 86 duplicate session action(s)
2026-08-19 23:04:36 | INFO | [batch_95] in=5000 out=4667 quarantined=333
2026-08-19 23:04:36 | WARNING | Quarantined 140 row(s) at stage='check_missing_identifiers' reason='missing_required_identifier'
2026-08-19 23:04:36 | WARNING | Quarantined 114 row(s) at stage='check_negative_values' reason='negative_numeric_value'
2026-08-19 23:04:36 | INFO | Dropped 96 duplicate session action(s)
2026-08-19 23:04:36 | INFO | [batch_96] in=5000 out=4650 quarantined=350
2026-08-19 23:04:36 | WARNING | Quarantined 173 row(s) at stage='check_missing_identifiers' reason='missing_required_identifier'
2026-08-19 23:04:36 | WARNING | Quarantined 121 row(s) at stage='check_negative_values' reason='negative_numeric_value'
2026-08-19 23:04:36 | INFO | Dropped 119 duplicate session action(s)
2026-08-19 23:04:36 | INFO | [batch_97] in=5000 out=4587 quarantined=413
2026-08-19 23:04:36 | WARNING | Quarantined 141 row(s) at stage='check_missing_identifiers' reason='missing_required_identifier'
2026-08-19 23:04:36 | WARNING | Quarantined 115 row(s) at stage='check_negative_values' reason='negative_numeric_value'
2026-08-19 23:04:36 | INFO | Dropped 91 duplicate session action(s)
2026-08-19 23:04:36 | INFO | [batch_98] in=5000 out=4653 quarantined=347
2026-08-19 23:04:36 | WARNING | Quarantined 11 row(s) at stage='check_missing_identifiers' reason='missing_required_identifier'
2026-08-19 23:04:36 | WARNING | Quarantined 10 row(s) at stage='check_negative_values' reason='negative_numeric_value'
2026-08-19 23:04:36 | INFO | Dropped 11 duplicate session action(s)
2026-08-19 23:04:36 | INFO | [batch_99] in=398 out=366 quarantined=32
2026-08-19 23:04:51 | INFO | Wrote 454499 row(s) to 'ladringan_saldua_prelim_project/data/analytics/events' partitioned by ['product_department']
2026-08-19 23:04:51 | INFO | Wrote 15 row(s) to 'ladringan_saldua_prelim_project/data/analytics/abandoned_metrics' partitioned by ['product_department']
2026-08-19 23:04:51 | INFO | Flushed 26387 quarantined row(s) to ladringan_saldua_prelim_project/quarantine/null_product_ids.csv
2026-08-19 23:04:51 | INFO | Pipeline run complete: {'total_in': 490398, 'total_out': 454499, 'quarantined': 26387}
2026-08-19 23:20:29 | INFO | Pipeline run started
2026-08-19 23:20:29 | WARNING | Quarantined 148 row(s) at stage='check_missing_identifiers' reason='missing_required_identifier'
2026-08-19 23:20:29 | WARNING | Quarantined 111 row(s) at stage='check_negative_values' reason='negative_numeric_value'
2026-08-19 23:20:29 | INFO | Dropped 69 duplicate session action(s)
2026-08-19 23:20:29 | INFO | [batch_1] in=5000 out=4672 quarantined=328
2026-08-19 23:20:29 | WARNING | Quarantined 140 row(s) at stage='check_missing_identifiers' reason='missing_required_identifier'
2026-08-19 23:20:29 | WARNING | Quarantined 116 row(s) at stage='check_negative_values' reason='negative_numeric_value'
2026-08-19 23:20:29 | INFO | Dropped 73 duplicate session action(s)
2026-08-19 23:20:29 | INFO | [batch_2] in=5000 out=4671 quarantined=329
2026-08-19 23:20:29 | WARNING | Quarantined 149 row(s) at stage='check_missing_identifiers' reason='missing_required_identifier'
2026-08-19 23:20:29 | WARNING | Quarantined 110 row(s) at stage='check_negative_values' reason='negative_numeric_value'
2026-08-19 23:20:29 | INFO | Dropped 96 duplicate session action(s)
2026-08-19 23:20:29 | INFO | [batch_3] in=5000 out=4645 quarantined=355
2026-08-19 23:20:29 | WARNING | Quarantined 149 row(s) at stage='check_missing_identifiers' reason='missing_required_identifier'
2026-08-19 23:20:29 | WARNING | Quarantined 102 row(s) at stage='check_negative_values' reason='negative_numeric_value'
2026-08-19 23:20:29 | INFO | Dropped 77 duplicate session action(s)
2026-08-19 23:20:29 | INFO | [batch_4] in=5000 out=4672 quarantined=328
2026-08-19 23:20:29 | WARNING | Quarantined 140 row(s) at stage='check_missing_identifiers' reason='missing_required_identifier'
2026-08-19 23:20:29 | WARNING | Quarantined 120 row(s) at stage='check_negative_values' reason='negative_numeric_value'
2026-08-19 23:20:29 | INFO | Dropped 87 duplicate session action(s)
2026-08-19 23:20:29 | INFO | [batch_5] in=5000 out=4653 quarantined=347
2026-08-19 23:20:29 | WARNING | Quarantined 148 row(s) at stage='check_missing_identifiers' reason='missing_required_identifier'
2026-08-19 23:20:29 | WARNING | Quarantined 118 row(s) at stage='check_negative_values' reason='negative_numeric_value'
2026-08-19 23:20:29 | INFO | Dropped 76 duplicate session action(s)
2026-08-19 23:20:29 | INFO | [batch_6] in=5000 out=4658 quarantined=342
2026-08-19 23:20:29 | WARNING | Quarantined 152 row(s) at stage='check_missing_identifiers' reason='missing_required_identifier'
2026-08-19 23:20:29 | WARNING | Quarantined 132 row(s) at stage='check_negative_values' reason='negative_numeric_value'
2026-08-19 23:20:29 | INFO | Dropped 72 duplicate session action(s)
2026-08-19 23:20:29 | INFO | [batch_7] in=5000 out=4644 quarantined=356
2026-08-19 23:20:29 | WARNING | Quarantined 167 row(s) at stage='check_missing_identifiers' reason='missing_required_identifier'
2026-08-19 23:20:29 | WARNING | Quarantined 132 row(s) at stage='check_negative_values' reason='negative_numeric_value'
2026-08-19 23:20:29 | INFO | Dropped 83 duplicate session action(s)
2026-08-19 23:20:29 | INFO | [batch_8] in=5000 out=4618 quarantined=382
2026-08-19 23:20:29 | WARNING | Quarantined 123 row(s) at stage='check_missing_identifiers' reason='missing_required_identifier'
2026-08-19 23:20:29 | WARNING | Quarantined 132 row(s) at stage='check_negative_values' reason='negative_numeric_value'
2026-08-19 23:20:29 | INFO | Dropped 71 duplicate session action(s)
2026-08-19 23:20:29 | INFO | [batch_9] in=5000 out=4674 quarantined=326
2026-08-19 23:20:29 | WARNING | Quarantined 167 row(s) at stage='check_missing_identifiers' reason='missing_required_identifier'
2026-08-19 23:20:29 | WARNING | Quarantined 135 row(s) at stage='check_negative_values' reason='negative_numeric_value'
2026-08-19 23:20:29 | INFO | Dropped 108 duplicate session action(s)
2026-08-19 23:20:29 | INFO | [batch_10] in=5000 out=4590 quarantined=410
2026-08-19 23:20:29 | WARNING | Quarantined 159 row(s) at stage='check_missing_identifiers' reason='missing_required_identifier'
2026-08-19 23:20:29 | WARNING | Quarantined 128 row(s) at stage='check_negative_values' reason='negative_numeric_value'
2026-08-19 23:20:29 | INFO | Dropped 95 duplicate session action(s)
2026-08-19 23:20:29 | INFO | [batch_11] in=5000 out=4618 quarantined=382
2026-08-19 23:20:29 | WARNING | Quarantined 145 row(s) at stage='check_missing_identifiers' reason='missing_required_identifier'
2026-08-19 23:20:29 | WARNING | Quarantined 129 row(s) at stage='check_negative_values' reason='negative_numeric_value'
2026-08-19 23:20:29 | INFO | Dropped 95 duplicate session action(s)
2026-08-19 23:20:29 | INFO | [batch_12] in=5000 out=4631 quarantined=369
2026-08-19 23:20:29 | WARNING | Quarantined 137 row(s) at stage='check_missing_identifiers' reason='missing_required_identifier'
2026-08-19 23:20:29 | WARNING | Quarantined 116 row(s) at stage='check_negative_values' reason='negative_numeric_value'
2026-08-19 23:20:29 | INFO | Dropped 106 duplicate session action(s)
2026-08-19 23:20:29 | INFO | [batch_13] in=5000 out=4641 quarantined=359
2026-08-19 23:20:29 | WARNING | Quarantined 134 row(s) at stage='check_missing_identifiers' reason='missing_required_identifier'
2026-08-19 23:20:29 | WARNING | Quarantined 123 row(s) at stage='check_negative_values' reason='negative_numeric_value'
2026-08-19 23:20:29 | INFO | Dropped 106 duplicate session action(s)
2026-08-19 23:20:29 | INFO | [batch_14] in=5000 out=4637 quarantined=363
2026-08-19 23:20:30 | WARNING | Quarantined 142 row(s) at stage='check_missing_identifiers' reason='missing_required_identifier'
2026-08-19 23:20:30 | WARNING | Quarantined 128 row(s) at stage='check_negative_values' reason='negative_numeric_value'
2026-08-19 23:20:30 | INFO | Dropped 117 duplicate session action(s)
2026-08-19 23:20:30 | INFO | [batch_15] in=5000 out=4613 quarantined=387
2026-08-19 23:20:30 | WARNING | Quarantined 140 row(s) at stage='check_missing_identifiers' reason='missing_required_identifier'
2026-08-19 23:20:30 | WARNING | Quarantined 112 row(s) at stage='check_negative_values' reason='negative_numeric_value'
2026-08-19 23:20:30 | INFO | Dropped 98 duplicate session action(s)
2026-08-19 23:20:30 | INFO | [batch_16] in=5000 out=4650 quarantined=350
2026-08-19 23:20:30 | WARNING | Quarantined 157 row(s) at stage='check_missing_identifiers' reason='missing_required_identifier'
2026-08-19 23:20:30 | WARNING | Quarantined 124 row(s) at stage='check_negative_values' reason='negative_numeric_value'
2026-08-19 23:20:30 | INFO | Dropped 106 duplicate session action(s)
2026-08-19 23:20:30 | INFO | [batch_17] in=5000 out=4613 quarantined=387
2026-08-19 23:20:30 | WARNING | Quarantined 160 row(s) at stage='check_missing_identifiers' reason='missing_required_identifier'
2026-08-19 23:20:30 | WARNING | Quarantined 105 row(s) at stage='check_negative_values' reason='negative_numeric_value'
2026-08-19 23:20:30 | INFO | Dropped 113 duplicate session action(s)
2026-08-19 23:20:30 | INFO | [batch_18] in=5000 out=4622 quarantined=378
2026-08-19 23:20:30 | WARNING | Quarantined 150 row(s) at stage='check_missing_identifiers' reason='missing_required_identifier'
2026-08-19 23:20:30 | WARNING | Quarantined 109 row(s) at stage='check_negative_values' reason='negative_numeric_value'
2026-08-19 23:20:30 | INFO | Dropped 98 duplicate session action(s)
2026-08-19 23:20:30 | INFO | [batch_19] in=5000 out=4643 quarantined=357
2026-08-19 23:20:30 | WARNING | Quarantined 151 row(s) at stage='check_missing_identifiers' reason='missing_required_identifier'
2026-08-19 23:20:30 | WARNING | Quarantined 124 row(s) at stage='check_negative_values' reason='negative_numeric_value'
2026-08-19 23:20:30 | INFO | Dropped 113 duplicate session action(s)
2026-08-19 23:20:30 | INFO | [batch_20] in=5000 out=4612 quarantined=388
2026-08-19 23:20:30 | WARNING | Quarantined 158 row(s) at stage='check_missing_identifiers' reason='missing_required_identifier'
2026-08-19 23:20:30 | WARNING | Quarantined 114 row(s) at stage='check_negative_values' reason='negative_numeric_value'
2026-08-19 23:20:30 | INFO | Dropped 113 duplicate session action(s)
2026-08-19 23:20:30 | INFO | [batch_21] in=5000 out=4615 quarantined=385
2026-08-19 23:20:30 | WARNING | Quarantined 141 row(s) at stage='check_missing_identifiers' reason='missing_required_identifier'
2026-08-19 23:20:30 | WARNING | Quarantined 113 row(s) at stage='check_negative_values' reason='negative_numeric_value'
2026-08-19 23:20:30 | INFO | Dropped 115 duplicate session action(s)
2026-08-19 23:20:30 | INFO | [batch_22] in=5000 out=4631 quarantined=369
2026-08-19 23:20:30 | WARNING | Quarantined 146 row(s) at stage='check_missing_identifiers' reason='missing_required_identifier'
2026-08-19 23:20:30 | WARNING | Quarantined 119 row(s) at stage='check_negative_values' reason='negative_numeric_value'
2026-08-19 23:20:30 | INFO | Dropped 103 duplicate session action(s)
2026-08-19 23:20:30 | INFO | [batch_23] in=5000 out=4632 quarantined=368
2026-08-19 23:20:30 | WARNING | Quarantined 141 row(s) at stage='check_missing_identifiers' reason='missing_required_identifier'
2026-08-19 23:20:30 | WARNING | Quarantined 124 row(s) at stage='check_negative_values' reason='negative_numeric_value'
2026-08-19 23:20:30 | INFO | Dropped 134 duplicate session action(s)
2026-08-19 23:20:30 | INFO | [batch_24] in=5000 out=4601 quarantined=399
2026-08-19 23:20:30 | WARNING | Quarantined 164 row(s) at stage='check_missing_identifiers' reason='missing_required_identifier'
2026-08-19 23:20:30 | WARNING | Quarantined 127 row(s) at stage='check_negative_values' reason='negative_numeric_value'
2026-08-19 23:20:30 | INFO | Dropped 114 duplicate session action(s)
2026-08-19 23:20:30 | INFO | [batch_25] in=5000 out=4595 quarantined=405
2026-08-19 23:20:30 | WARNING | Quarantined 150 row(s) at stage='check_missing_identifiers' reason='missing_required_identifier'
2026-08-19 23:20:30 | WARNING | Quarantined 116 row(s) at stage='check_negative_values' reason='negative_numeric_value'
2026-08-19 23:20:30 | INFO | Dropped 116 duplicate session action(s)
2026-08-19 23:20:30 | INFO | [batch_26] in=5000 out=4618 quarantined=382
2026-08-19 23:20:30 | WARNING | Quarantined 146 row(s) at stage='check_missing_identifiers' reason='missing_required_identifier'
2026-08-19 23:20:30 | WARNING | Quarantined 124 row(s) at stage='check_negative_values' reason='negative_numeric_value'
2026-08-19 23:20:30 | INFO | Dropped 104 duplicate session action(s)
2026-08-19 23:20:30 | INFO | [batch_27] in=5000 out=4626 quarantined=374
2026-08-19 23:20:30 | WARNING | Quarantined 128 row(s) at stage='check_missing_identifiers' reason='missing_required_identifier'
2026-08-19 23:20:30 | WARNING | Quarantined 124 row(s) at stage='check_negative_values' reason='negative_numeric_value'
2026-08-19 23:20:30 | INFO | Dropped 110 duplicate session action(s)
2026-08-19 23:20:30 | INFO | [batch_28] in=5000 out=4638 quarantined=362
2026-08-19 23:20:30 | WARNING | Quarantined 148 row(s) at stage='check_missing_identifiers' reason='missing_required_identifier'
2026-08-19 23:20:30 | WARNING | Quarantined 134 row(s) at stage='check_negative_values' reason='negative_numeric_value'
2026-08-19 23:20:30 | INFO | Dropped 110 duplicate session action(s)
2026-08-19 23:20:30 | INFO | [batch_29] in=5000 out=4608 quarantined=392
2026-08-19 23:20:30 | WARNING | Quarantined 123 row(s) at stage='check_missing_identifiers' reason='missing_required_identifier'
2026-08-19 23:20:30 | WARNING | Quarantined 113 row(s) at stage='check_negative_values' reason='negative_numeric_value'
2026-08-19 23:20:30 | INFO | Dropped 111 duplicate session action(s)
2026-08-19 23:20:30 | INFO | [batch_30] in=5000 out=4653 quarantined=347
2026-08-19 23:20:30 | WARNING | Quarantined 153 row(s) at stage='check_missing_identifiers' reason='missing_required_identifier'
2026-08-19 23:20:30 | WARNING | Quarantined 121 row(s) at stage='check_negative_values' reason='negative_numeric_value'
2026-08-19 23:20:30 | INFO | Dropped 119 duplicate session action(s)
2026-08-19 23:20:30 | INFO | [batch_31] in=5000 out=4607 quarantined=393
2026-08-19 23:20:31 | WARNING | Quarantined 115 row(s) at stage='check_missing_identifiers' reason='missing_required_identifier'
2026-08-19 23:20:31 | WARNING | Quarantined 112 row(s) at stage='check_negative_values' reason='negative_numeric_value'
2026-08-19 23:20:31 | INFO | Dropped 109 duplicate session action(s)
2026-08-19 23:20:31 | INFO | [batch_32] in=5000 out=4664 quarantined=336
2026-08-19 23:20:31 | WARNING | Quarantined 150 row(s) at stage='check_missing_identifiers' reason='missing_required_identifier'
2026-08-19 23:20:31 | WARNING | Quarantined 105 row(s) at stage='check_negative_values' reason='negative_numeric_value'
2026-08-19 23:20:31 | INFO | Dropped 108 duplicate session action(s)
2026-08-19 23:20:31 | INFO | [batch_33] in=5000 out=4637 quarantined=363
2026-08-19 23:20:31 | WARNING | Quarantined 153 row(s) at stage='check_missing_identifiers' reason='missing_required_identifier'
2026-08-19 23:20:31 | WARNING | Quarantined 114 row(s) at stage='check_negative_values' reason='negative_numeric_value'
2026-08-19 23:20:31 | INFO | Dropped 139 duplicate session action(s)
2026-08-19 23:20:31 | INFO | [batch_34] in=5000 out=4594 quarantined=406
2026-08-19 23:20:31 | WARNING | Quarantined 158 row(s) at stage='check_missing_identifiers' reason='missing_required_identifier'
2026-08-19 23:20:31 | WARNING | Quarantined 121 row(s) at stage='check_negative_values' reason='negative_numeric_value'
2026-08-19 23:20:31 | INFO | Dropped 125 duplicate session action(s)
2026-08-19 23:20:31 | INFO | [batch_35] in=5000 out=4596 quarantined=404
2026-08-19 23:20:31 | WARNING | Quarantined 150 row(s) at stage='check_missing_identifiers' reason='missing_required_identifier'
2026-08-19 23:20:31 | WARNING | Quarantined 114 row(s) at stage='check_negative_values' reason='negative_numeric_value'
2026-08-19 23:20:31 | INFO | Dropped 123 duplicate session action(s)
2026-08-19 23:20:31 | INFO | [batch_36] in=5000 out=4613 quarantined=387
2026-08-19 23:20:31 | WARNING | Quarantined 150 row(s) at stage='check_missing_identifiers' reason='missing_required_identifier'
2026-08-19 23:20:31 | WARNING | Quarantined 128 row(s) at stage='check_negative_values' reason='negative_numeric_value'
2026-08-19 23:20:31 | INFO | Dropped 127 duplicate session action(s)
2026-08-19 23:20:31 | INFO | [batch_37] in=5000 out=4595 quarantined=405
2026-08-19 23:20:31 | WARNING | Quarantined 166 row(s) at stage='check_missing_identifiers' reason='missing_required_identifier'
2026-08-19 23:20:31 | WARNING | Quarantined 132 row(s) at stage='check_negative_values' reason='negative_numeric_value'
2026-08-19 23:20:31 | INFO | Dropped 100 duplicate session action(s)
2026-08-19 23:20:31 | INFO | [batch_38] in=5000 out=4602 quarantined=398
2026-08-19 23:20:31 | WARNING | Quarantined 127 row(s) at stage='check_missing_identifiers' reason='missing_required_identifier'
2026-08-19 23:20:31 | WARNING | Quarantined 118 row(s) at stage='check_negative_values' reason='negative_numeric_value'
2026-08-19 23:20:31 | INFO | Dropped 106 duplicate session action(s)
2026-08-19 23:20:31 | INFO | [batch_39] in=5000 out=4649 quarantined=351
2026-08-19 23:20:31 | WARNING | Quarantined 143 row(s) at stage='check_missing_identifiers' reason='missing_required_identifier'
2026-08-19 23:20:31 | WARNING | Quarantined 113 row(s) at stage='check_negative_values' reason='negative_numeric_value'
2026-08-19 23:20:31 | INFO | Dropped 99 duplicate session action(s)
2026-08-19 23:20:31 | INFO | [batch_40] in=5000 out=4645 quarantined=355
2026-08-19 23:20:31 | WARNING | Quarantined 161 row(s) at stage='check_missing_identifiers' reason='missing_required_identifier'
2026-08-19 23:20:31 | WARNING | Quarantined 94 row(s) at stage='check_negative_values' reason='negative_numeric_value'
2026-08-19 23:20:31 | INFO | Dropped 105 duplicate session action(s)
2026-08-19 23:20:31 | INFO | [batch_41] in=5000 out=4640 quarantined=360
2026-08-19 23:20:31 | WARNING | Quarantined 142 row(s) at stage='check_missing_identifiers' reason='missing_required_identifier'
2026-08-19 23:20:31 | WARNING | Quarantined 131 row(s) at stage='check_negative_values' reason='negative_numeric_value'
2026-08-19 23:20:31 | INFO | Dropped 111 duplicate session action(s)
2026-08-19 23:20:31 | INFO | [batch_42] in=5000 out=4616 quarantined=384
2026-08-19 23:20:31 | WARNING | Quarantined 150 row(s) at stage='check_missing_identifiers' reason='missing_required_identifier'
2026-08-19 23:20:31 | WARNING | Quarantined 97 row(s) at stage='check_negative_values' reason='negative_numeric_value'
2026-08-19 23:20:31 | INFO | Dropped 85 duplicate session action(s)
2026-08-19 23:20:31 | INFO | [batch_43] in=5000 out=4668 quarantined=332
2026-08-19 23:20:31 | WARNING | Quarantined 138 row(s) at stage='check_missing_identifiers' reason='missing_required_identifier'
2026-08-19 23:20:31 | WARNING | Quarantined 121 row(s) at stage='check_negative_values' reason='negative_numeric_value'
2026-08-19 23:20:31 | INFO | Dropped 82 duplicate session action(s)
2026-08-19 23:20:31 | INFO | [batch_44] in=5000 out=4659 quarantined=341
2026-08-19 23:20:31 | WARNING | Quarantined 138 row(s) at stage='check_missing_identifiers' reason='missing_required_identifier'
2026-08-19 23:20:31 | WARNING | Quarantined 113 row(s) at stage='check_negative_values' reason='negative_numeric_value'
2026-08-19 23:20:31 | INFO | Dropped 86 duplicate session action(s)
2026-08-19 23:20:31 | INFO | [batch_45] in=5000 out=4663 quarantined=337
2026-08-19 23:20:31 | WARNING | Quarantined 138 row(s) at stage='check_missing_identifiers' reason='missing_required_identifier'
2026-08-19 23:20:31 | WARNING | Quarantined 139 row(s) at stage='check_negative_values' reason='negative_numeric_value'
2026-08-19 23:20:31 | INFO | Dropped 93 duplicate session action(s)
2026-08-19 23:20:31 | INFO | [batch_46] in=5000 out=4630 quarantined=370
2026-08-19 23:20:31 | WARNING | Quarantined 160 row(s) at stage='check_missing_identifiers' reason='missing_required_identifier'
2026-08-19 23:20:31 | WARNING | Quarantined 128 row(s) at stage='check_negative_values' reason='negative_numeric_value'
2026-08-19 23:20:31 | INFO | Dropped 77 duplicate session action(s)
2026-08-19 23:20:31 | INFO | [batch_47] in=5000 out=4635 quarantined=365
2026-08-19 23:20:31 | WARNING | Quarantined 178 row(s) at stage='check_missing_identifiers' reason='missing_required_identifier'
2026-08-19 23:20:31 | WARNING | Quarantined 136 row(s) at stage='check_negative_values' reason='negative_numeric_value'
2026-08-19 23:20:31 | INFO | Dropped 84 duplicate session action(s)
2026-08-19 23:20:31 | INFO | [batch_48] in=5000 out=4602 quarantined=398
2026-08-19 23:20:32 | WARNING | Quarantined 147 row(s) at stage='check_missing_identifiers' reason='missing_required_identifier'
2026-08-19 23:20:32 | WARNING | Quarantined 120 row(s) at stage='check_negative_values' reason='negative_numeric_value'
2026-08-19 23:20:32 | INFO | Dropped 87 duplicate session action(s)
2026-08-19 23:20:32 | INFO | [batch_49] in=5000 out=4646 quarantined=354
2026-08-19 23:20:32 | WARNING | Quarantined 149 row(s) at stage='check_missing_identifiers' reason='missing_required_identifier'
2026-08-19 23:20:32 | WARNING | Quarantined 128 row(s) at stage='check_negative_values' reason='negative_numeric_value'
2026-08-19 23:20:32 | INFO | Dropped 70 duplicate session action(s)
2026-08-19 23:20:32 | INFO | [batch_50] in=5000 out=4653 quarantined=347
2026-08-19 23:20:32 | WARNING | Quarantined 149 row(s) at stage='check_missing_identifiers' reason='missing_required_identifier'
2026-08-19 23:20:32 | WARNING | Quarantined 113 row(s) at stage='check_negative_values' reason='negative_numeric_value'
2026-08-19 23:20:32 | INFO | Dropped 92 duplicate session action(s)
2026-08-19 23:20:32 | INFO | [batch_51] in=5000 out=4646 quarantined=354
2026-08-19 23:20:32 | WARNING | Quarantined 144 row(s) at stage='check_missing_identifiers' reason='missing_required_identifier'
2026-08-19 23:20:32 | WARNING | Quarantined 125 row(s) at stage='check_negative_values' reason='negative_numeric_value'
2026-08-19 23:20:32 | INFO | Dropped 99 duplicate session action(s)
2026-08-19 23:20:32 | INFO | [batch_52] in=5000 out=4632 quarantined=368
2026-08-19 23:20:32 | WARNING | Quarantined 159 row(s) at stage='check_missing_identifiers' reason='missing_required_identifier'
2026-08-19 23:20:32 | WARNING | Quarantined 112 row(s) at stage='check_negative_values' reason='negative_numeric_value'
2026-08-19 23:20:32 | INFO | Dropped 98 duplicate session action(s)
2026-08-19 23:20:32 | INFO | [batch_53] in=5000 out=4631 quarantined=369
2026-08-19 23:20:32 | WARNING | Quarantined 161 row(s) at stage='check_missing_identifiers' reason='missing_required_identifier'
2026-08-19 23:20:32 | WARNING | Quarantined 125 row(s) at stage='check_negative_values' reason='negative_numeric_value'
2026-08-19 23:20:32 | INFO | Dropped 78 duplicate session action(s)
2026-08-19 23:20:32 | INFO | [batch_54] in=5000 out=4636 quarantined=364
2026-08-19 23:20:32 | WARNING | Quarantined 125 row(s) at stage='check_missing_identifiers' reason='missing_required_identifier'
2026-08-19 23:20:32 | WARNING | Quarantined 135 row(s) at stage='check_negative_values' reason='negative_numeric_value'
2026-08-19 23:20:32 | INFO | Dropped 69 duplicate session action(s)
2026-08-19 23:20:32 | INFO | [batch_55] in=5000 out=4671 quarantined=329
2026-08-19 23:20:32 | WARNING | Quarantined 149 row(s) at stage='check_missing_identifiers' reason='missing_required_identifier'
2026-08-19 23:20:32 | WARNING | Quarantined 121 row(s) at stage='check_negative_values' reason='negative_numeric_value'
2026-08-19 23:20:32 | INFO | Dropped 79 duplicate session action(s)
2026-08-19 23:20:32 | INFO | [batch_56] in=5000 out=4651 quarantined=349
2026-08-19 23:20:32 | WARNING | Quarantined 140 row(s) at stage='check_missing_identifiers' reason='missing_required_identifier'
2026-08-19 23:20:32 | WARNING | Quarantined 133 row(s) at stage='check_negative_values' reason='negative_numeric_value'
2026-08-19 23:20:32 | INFO | Dropped 102 duplicate session action(s)
2026-08-19 23:20:32 | INFO | [batch_57] in=5000 out=4625 quarantined=375
2026-08-19 23:20:32 | WARNING | Quarantined 154 row(s) at stage='check_missing_identifiers' reason='missing_required_identifier'
2026-08-19 23:20:32 | WARNING | Quarantined 131 row(s) at stage='check_negative_values' reason='negative_numeric_value'
2026-08-19 23:20:32 | INFO | Dropped 74 duplicate session action(s)
2026-08-19 23:20:32 | INFO | [batch_58] in=5000 out=4641 quarantined=359
2026-08-19 23:20:32 | WARNING | Quarantined 151 row(s) at stage='check_missing_identifiers' reason='missing_required_identifier'
2026-08-19 23:20:32 | WARNING | Quarantined 120 row(s) at stage='check_negative_values' reason='negative_numeric_value'
2026-08-19 23:20:32 | INFO | Dropped 75 duplicate session action(s)
2026-08-19 23:20:32 | INFO | [batch_59] in=5000 out=4654 quarantined=346
2026-08-19 23:20:32 | WARNING | Quarantined 138 row(s) at stage='check_missing_identifiers' reason='missing_required_identifier'
2026-08-19 23:20:32 | WARNING | Quarantined 132 row(s) at stage='check_negative_values' reason='negative_numeric_value'
2026-08-19 23:20:32 | INFO | Dropped 92 duplicate session action(s)
2026-08-19 23:20:32 | INFO | [batch_60] in=5000 out=4638 quarantined=362
2026-08-19 23:20:32 | WARNING | Quarantined 157 row(s) at stage='check_missing_identifiers' reason='missing_required_identifier'
2026-08-19 23:20:32 | WARNING | Quarantined 121 row(s) at stage='check_negative_values' reason='negative_numeric_value'
2026-08-19 23:20:32 | INFO | Dropped 97 duplicate session action(s)
2026-08-19 23:20:32 | INFO | [batch_61] in=5000 out=4625 quarantined=375
2026-08-19 23:20:32 | WARNING | Quarantined 145 row(s) at stage='check_missing_identifiers' reason='missing_required_identifier'
2026-08-19 23:20:32 | WARNING | Quarantined 111 row(s) at stage='check_negative_values' reason='negative_numeric_value'
2026-08-19 23:20:32 | INFO | Dropped 76 duplicate session action(s)
2026-08-19 23:20:32 | INFO | [batch_62] in=5000 out=4668 quarantined=332
2026-08-19 23:20:32 | WARNING | Quarantined 160 row(s) at stage='check_missing_identifiers' reason='missing_required_identifier'
2026-08-19 23:20:32 | WARNING | Quarantined 124 row(s) at stage='check_negative_values' reason='negative_numeric_value'
2026-08-19 23:20:32 | INFO | Dropped 81 duplicate session action(s)
2026-08-19 23:20:32 | INFO | [batch_63] in=5000 out=4635 quarantined=365
2026-08-19 23:20:32 | WARNING | Quarantined 153 row(s) at stage='check_missing_identifiers' reason='missing_required_identifier'
2026-08-19 23:20:32 | WARNING | Quarantined 136 row(s) at stage='check_negative_values' reason='negative_numeric_value'
2026-08-19 23:20:32 | INFO | Dropped 106 duplicate session action(s)
2026-08-19 23:20:32 | INFO | [batch_64] in=5000 out=4605 quarantined=395
2026-08-19 23:20:32 | WARNING | Quarantined 129 row(s) at stage='check_missing_identifiers' reason='missing_required_identifier'
2026-08-19 23:20:32 | WARNING | Quarantined 121 row(s) at stage='check_negative_values' reason='negative_numeric_value'
2026-08-19 23:20:32 | INFO | Dropped 97 duplicate session action(s)
2026-08-19 23:20:32 | INFO | [batch_65] in=5000 out=4653 quarantined=347
2026-08-19 23:20:32 | WARNING | Quarantined 127 row(s) at stage='check_missing_identifiers' reason='missing_required_identifier'
2026-08-19 23:20:32 | WARNING | Quarantined 127 row(s) at stage='check_negative_values' reason='negative_numeric_value'
2026-08-19 23:20:32 | INFO | Dropped 78 duplicate session action(s)
2026-08-19 23:20:32 | INFO | [batch_66] in=5000 out=4668 quarantined=332
2026-08-19 23:20:32 | WARNING | Quarantined 153 row(s) at stage='check_missing_identifiers' reason='missing_required_identifier'
2026-08-19 23:20:33 | WARNING | Quarantined 112 row(s) at stage='check_negative_values' reason='negative_numeric_value'
2026-08-19 23:20:33 | INFO | Dropped 107 duplicate session action(s)
2026-08-19 23:20:33 | INFO | [batch_67] in=5000 out=4628 quarantined=372
2026-08-19 23:20:33 | WARNING | Quarantined 135 row(s) at stage='check_missing_identifiers' reason='missing_required_identifier'
2026-08-19 23:20:33 | WARNING | Quarantined 131 row(s) at stage='check_negative_values' reason='negative_numeric_value'
2026-08-19 23:20:33 | INFO | Dropped 92 duplicate session action(s)
2026-08-19 23:20:33 | INFO | [batch_68] in=5000 out=4642 quarantined=358
2026-08-19 23:20:33 | WARNING | Quarantined 137 row(s) at stage='check_missing_identifiers' reason='missing_required_identifier'
2026-08-19 23:20:33 | WARNING | Quarantined 123 row(s) at stage='check_negative_values' reason='negative_numeric_value'
2026-08-19 23:20:33 | INFO | Dropped 102 duplicate session action(s)
2026-08-19 23:20:33 | INFO | [batch_69] in=5000 out=4638 quarantined=362
2026-08-19 23:20:33 | WARNING | Quarantined 160 row(s) at stage='check_missing_identifiers' reason='missing_required_identifier'
2026-08-19 23:20:33 | WARNING | Quarantined 135 row(s) at stage='check_negative_values' reason='negative_numeric_value'
2026-08-19 23:20:33 | INFO | Dropped 102 duplicate session action(s)
2026-08-19 23:20:33 | INFO | [batch_70] in=5000 out=4603 quarantined=397
2026-08-19 23:20:33 | WARNING | Quarantined 158 row(s) at stage='check_missing_identifiers' reason='missing_required_identifier'
2026-08-19 23:20:33 | WARNING | Quarantined 125 row(s) at stage='check_negative_values' reason='negative_numeric_value'
2026-08-19 23:20:33 | INFO | Dropped 104 duplicate session action(s)
2026-08-19 23:20:33 | INFO | [batch_71] in=5000 out=4613 quarantined=387
2026-08-19 23:20:33 | WARNING | Quarantined 157 row(s) at stage='check_missing_identifiers' reason='missing_required_identifier'
2026-08-19 23:20:33 | WARNING | Quarantined 112 row(s) at stage='check_negative_values' reason='negative_numeric_value'
2026-08-19 23:20:33 | INFO | Dropped 99 duplicate session action(s)
2026-08-19 23:20:33 | INFO | [batch_72] in=5000 out=4632 quarantined=368
2026-08-19 23:20:33 | WARNING | Quarantined 138 row(s) at stage='check_missing_identifiers' reason='missing_required_identifier'
2026-08-19 23:20:33 | WARNING | Quarantined 106 row(s) at stage='check_negative_values' reason='negative_numeric_value'
2026-08-19 23:20:33 | INFO | Dropped 108 duplicate session action(s)
2026-08-19 23:20:33 | INFO | [batch_73] in=5000 out=4648 quarantined=352
2026-08-19 23:20:33 | WARNING | Quarantined 161 row(s) at stage='check_missing_identifiers' reason='missing_required_identifier'
2026-08-19 23:20:33 | WARNING | Quarantined 115 row(s) at stage='check_negative_values' reason='negative_numeric_value'
2026-08-19 23:20:33 | INFO | Dropped 107 duplicate session action(s)
2026-08-19 23:20:33 | INFO | [batch_74] in=5000 out=4617 quarantined=383
2026-08-19 23:20:33 | WARNING | Quarantined 152 row(s) at stage='check_missing_identifiers' reason='missing_required_identifier'
2026-08-19 23:20:33 | WARNING | Quarantined 120 row(s) at stage='check_negative_values' reason='negative_numeric_value'
2026-08-19 23:20:33 | INFO | Dropped 99 duplicate session action(s)
2026-08-19 23:20:33 | INFO | [batch_75] in=5000 out=4629 quarantined=371
2026-08-19 23:20:33 | WARNING | Quarantined 167 row(s) at stage='check_missing_identifiers' reason='missing_required_identifier'
2026-08-19 23:20:33 | WARNING | Quarantined 120 row(s) at stage='check_negative_values' reason='negative_numeric_value'
2026-08-19 23:20:33 | INFO | Dropped 84 duplicate session action(s)
2026-08-19 23:20:33 | INFO | [batch_76] in=5000 out=4629 quarantined=371
2026-08-19 23:20:33 | WARNING | Quarantined 157 row(s) at stage='check_missing_identifiers' reason='missing_required_identifier'
2026-08-19 23:20:33 | WARNING | Quarantined 109 row(s) at stage='check_negative_values' reason='negative_numeric_value'
2026-08-19 23:20:33 | INFO | Dropped 98 duplicate session action(s)
2026-08-19 23:20:33 | INFO | [batch_77] in=5000 out=4636 quarantined=364
2026-08-19 23:20:33 | WARNING | Quarantined 136 row(s) at stage='check_missing_identifiers' reason='missing_required_identifier'
2026-08-19 23:20:33 | WARNING | Quarantined 135 row(s) at stage='check_negative_values' reason='negative_numeric_value'
2026-08-19 23:20:33 | INFO | Dropped 96 duplicate session action(s)
2026-08-19 23:20:33 | INFO | [batch_78] in=5000 out=4633 quarantined=367
2026-08-19 23:20:33 | WARNING | Quarantined 143 row(s) at stage='check_missing_identifiers' reason='missing_required_identifier'
2026-08-19 23:20:33 | WARNING | Quarantined 114 row(s) at stage='check_negative_values' reason='negative_numeric_value'
2026-08-19 23:20:33 | INFO | Dropped 102 duplicate session action(s)
2026-08-19 23:20:33 | INFO | [batch_79] in=5000 out=4641 quarantined=359
2026-08-19 23:20:33 | WARNING | Quarantined 151 row(s) at stage='check_missing_identifiers' reason='missing_required_identifier'
2026-08-19 23:20:33 | WARNING | Quarantined 129 row(s) at stage='check_negative_values' reason='negative_numeric_value'
2026-08-19 23:20:33 | INFO | Dropped 76 duplicate session action(s)
2026-08-19 23:20:33 | INFO | [batch_80] in=5000 out=4644 quarantined=356
2026-08-19 23:20:33 | WARNING | Quarantined 169 row(s) at stage='check_missing_identifiers' reason='missing_required_identifier'
2026-08-19 23:20:33 | WARNING | Quarantined 134 row(s) at stage='check_negative_values' reason='negative_numeric_value'
2026-08-19 23:20:33 | INFO | Dropped 94 duplicate session action(s)
2026-08-19 23:20:33 | INFO | [batch_81] in=5000 out=4603 quarantined=397
2026-08-19 23:20:33 | WARNING | Quarantined 164 row(s) at stage='check_missing_identifiers' reason='missing_required_identifier'
2026-08-19 23:20:33 | WARNING | Quarantined 115 row(s) at stage='check_negative_values' reason='negative_numeric_value'
2026-08-19 23:20:33 | INFO | Dropped 104 duplicate session action(s)
2026-08-19 23:20:33 | INFO | [batch_82] in=5000 out=4617 quarantined=383
2026-08-19 23:20:33 | WARNING | Quarantined 171 row(s) at stage='check_missing_identifiers' reason='missing_required_identifier'
2026-08-19 23:20:33 | WARNING | Quarantined 115 row(s) at stage='check_negative_values' reason='negative_numeric_value'
2026-08-19 23:20:33 | INFO | Dropped 106 duplicate session action(s)
2026-08-19 23:20:33 | INFO | [batch_83] in=5000 out=4608 quarantined=392
2026-08-19 23:20:33 | WARNING | Quarantined 147 row(s) at stage='check_missing_identifiers' reason='missing_required_identifier'
2026-08-19 23:20:33 | WARNING | Quarantined 122 row(s) at stage='check_negative_values' reason='negative_numeric_value'
2026-08-19 23:20:33 | INFO | Dropped 83 duplicate session action(s)
2026-08-19 23:20:33 | INFO | [batch_84] in=5000 out=4648 quarantined=352
2026-08-19 23:20:33 | WARNING | Quarantined 150 row(s) at stage='check_missing_identifiers' reason='missing_required_identifier'
2026-08-19 23:20:33 | WARNING | Quarantined 122 row(s) at stage='check_negative_values' reason='negative_numeric_value'
2026-08-19 23:20:34 | INFO | Dropped 117 duplicate session action(s)
2026-08-19 23:20:34 | INFO | [batch_85] in=5000 out=4611 quarantined=389
2026-08-19 23:20:34 | WARNING | Quarantined 164 row(s) at stage='check_missing_identifiers' reason='missing_required_identifier'
2026-08-19 23:20:34 | WARNING | Quarantined 112 row(s) at stage='check_negative_values' reason='negative_numeric_value'
2026-08-19 23:20:34 | INFO | Dropped 116 duplicate session action(s)
2026-08-19 23:20:34 | INFO | [batch_86] in=5000 out=4608 quarantined=392
2026-08-19 23:20:34 | WARNING | Quarantined 148 row(s) at stage='check_missing_identifiers' reason='missing_required_identifier'
2026-08-19 23:20:34 | WARNING | Quarantined 130 row(s) at stage='check_negative_values' reason='negative_numeric_value'
2026-08-19 23:20:34 | INFO | Dropped 105 duplicate session action(s)
2026-08-19 23:20:34 | INFO | [batch_87] in=5000 out=4617 quarantined=383
2026-08-19 23:20:34 | WARNING | Quarantined 166 row(s) at stage='check_missing_identifiers' reason='missing_required_identifier'
2026-08-19 23:20:34 | WARNING | Quarantined 122 row(s) at stage='check_negative_values' reason='negative_numeric_value'
2026-08-19 23:20:34 | INFO | Dropped 71 duplicate session action(s)
2026-08-19 23:20:34 | INFO | [batch_88] in=5000 out=4641 quarantined=359
2026-08-19 23:20:34 | WARNING | Quarantined 132 row(s) at stage='check_missing_identifiers' reason='missing_required_identifier'
2026-08-19 23:20:34 | WARNING | Quarantined 136 row(s) at stage='check_negative_values' reason='negative_numeric_value'
2026-08-19 23:20:34 | INFO | Dropped 82 duplicate session action(s)
2026-08-19 23:20:34 | INFO | [batch_89] in=5000 out=4650 quarantined=350
2026-08-19 23:20:34 | WARNING | Quarantined 135 row(s) at stage='check_missing_identifiers' reason='missing_required_identifier'
2026-08-19 23:20:34 | WARNING | Quarantined 134 row(s) at stage='check_negative_values' reason='negative_numeric_value'
2026-08-19 23:20:34 | INFO | Dropped 93 duplicate session action(s)
2026-08-19 23:20:34 | INFO | [batch_90] in=5000 out=4638 quarantined=362
2026-08-19 23:20:34 | WARNING | Quarantined 140 row(s) at stage='check_missing_identifiers' reason='missing_required_identifier'
2026-08-19 23:20:34 | WARNING | Quarantined 113 row(s) at stage='check_negative_values' reason='negative_numeric_value'
2026-08-19 23:20:34 | INFO | Dropped 89 duplicate session action(s)
2026-08-19 23:20:34 | INFO | [batch_91] in=5000 out=4658 quarantined=342
2026-08-19 23:20:34 | WARNING | Quarantined 132 row(s) at stage='check_missing_identifiers' reason='missing_required_identifier'
2026-08-19 23:20:34 | WARNING | Quarantined 109 row(s) at stage='check_negative_values' reason='negative_numeric_value'
2026-08-19 23:20:34 | INFO | Dropped 95 duplicate session action(s)
2026-08-19 23:20:34 | INFO | [batch_92] in=5000 out=4664 quarantined=336
2026-08-19 23:20:34 | WARNING | Quarantined 159 row(s) at stage='check_missing_identifiers' reason='missing_required_identifier'
2026-08-19 23:20:34 | WARNING | Quarantined 113 row(s) at stage='check_negative_values' reason='negative_numeric_value'
2026-08-19 23:20:34 | INFO | Dropped 77 duplicate session action(s)
2026-08-19 23:20:34 | INFO | [batch_93] in=5000 out=4651 quarantined=349
2026-08-19 23:20:34 | WARNING | Quarantined 162 row(s) at stage='check_missing_identifiers' reason='missing_required_identifier'
2026-08-19 23:20:34 | WARNING | Quarantined 112 row(s) at stage='check_negative_values' reason='negative_numeric_value'
2026-08-19 23:20:34 | INFO | Dropped 84 duplicate session action(s)
2026-08-19 23:20:34 | INFO | [batch_94] in=5000 out=4642 quarantined=358
2026-08-19 23:20:34 | WARNING | Quarantined 122 row(s) at stage='check_missing_identifiers' reason='missing_required_identifier'
2026-08-19 23:20:34 | WARNING | Quarantined 125 row(s) at stage='check_negative_values' reason='negative_numeric_value'
2026-08-19 23:20:34 | INFO | Dropped 86 duplicate session action(s)
2026-08-19 23:20:34 | INFO | [batch_95] in=5000 out=4667 quarantined=333
2026-08-19 23:20:34 | WARNING | Quarantined 140 row(s) at stage='check_missing_identifiers' reason='missing_required_identifier'
2026-08-19 23:20:34 | WARNING | Quarantined 114 row(s) at stage='check_negative_values' reason='negative_numeric_value'
2026-08-19 23:20:34 | INFO | Dropped 96 duplicate session action(s)
2026-08-19 23:20:34 | INFO | [batch_96] in=5000 out=4650 quarantined=350
2026-08-19 23:20:34 | WARNING | Quarantined 173 row(s) at stage='check_missing_identifiers' reason='missing_required_identifier'
2026-08-19 23:20:34 | WARNING | Quarantined 121 row(s) at stage='check_negative_values' reason='negative_numeric_value'
2026-08-19 23:20:34 | INFO | Dropped 119 duplicate session action(s)
2026-08-19 23:20:34 | INFO | [batch_97] in=5000 out=4587 quarantined=413
2026-08-19 23:20:34 | WARNING | Quarantined 141 row(s) at stage='check_missing_identifiers' reason='missing_required_identifier'
2026-08-19 23:20:34 | WARNING | Quarantined 115 row(s) at stage='check_negative_values' reason='negative_numeric_value'
2026-08-19 23:20:34 | INFO | Dropped 91 duplicate session action(s)
2026-08-19 23:20:34 | INFO | [batch_98] in=5000 out=4653 quarantined=347
2026-08-19 23:20:34 | WARNING | Quarantined 11 row(s) at stage='check_missing_identifiers' reason='missing_required_identifier'
2026-08-19 23:20:34 | WARNING | Quarantined 10 row(s) at stage='check_negative_values' reason='negative_numeric_value'
2026-08-19 23:20:34 | INFO | Dropped 11 duplicate session action(s)
2026-08-19 23:20:34 | INFO | [batch_99] in=398 out=366 quarantined=32
2026-08-19 23:20:50 | INFO | Wrote 454499 row(s) to 'ladringan_saldua_prelim_project/data/analytics/events' partitioned by ['product_department']
2026-08-19 23:20:50 | INFO | Wrote 15 row(s) to 'ladringan_saldua_prelim_project/data/analytics/abandoned_metrics' partitioned by ['product_department']
2026-08-19 23:20:50 | INFO | Flushed 26387 quarantined row(s) to ladringan_saldua_prelim_project/quarantine/null_product_ids.csv
2026-08-19 23:20:50 | INFO | Pipeline run complete: {'total_in': 490398, 'total_out': 454499, 'quarantined': 26387}
2026-08-19 23:23:58 | INFO | Pipeline run started
2026-08-19 23:23:58 | WARNING | Quarantined 148 row(s) at stage='check_missing_identifiers' reason='missing_required_identifier'
2026-08-19 23:23:58 | WARNING | Quarantined 111 row(s) at stage='check_negative_values' reason='negative_numeric_value'
2026-08-19 23:23:58 | INFO | Dropped 69 duplicate session action(s)
2026-08-19 23:23:58 | INFO | [batch_1] in=5000 out=4672 quarantined=328
2026-08-19 23:23:58 | WARNING | Quarantined 140 row(s) at stage='check_missing_identifiers' reason='missing_required_identifier'
2026-08-19 23:23:58 | WARNING | Quarantined 116 row(s) at stage='check_negative_values' reason='negative_numeric_value'
2026-08-19 23:23:58 | INFO | Dropped 73 duplicate session action(s)
2026-08-19 23:23:58 | INFO | [batch_2] in=5000 out=4671 quarantined=329
2026-08-19 23:23:58 | WARNING | Quarantined 149 row(s) at stage='check_missing_identifiers' reason='missing_required_identifier'
2026-08-19 23:23:58 | WARNING | Quarantined 110 row(s) at stage='check_negative_values' reason='negative_numeric_value'
2026-08-19 23:23:58 | INFO | Dropped 96 duplicate session action(s)
2026-08-19 23:23:58 | INFO | [batch_3] in=5000 out=4645 quarantined=355
2026-08-19 23:23:58 | WARNING | Quarantined 149 row(s) at stage='check_missing_identifiers' reason='missing_required_identifier'
2026-08-19 23:23:58 | WARNING | Quarantined 102 row(s) at stage='check_negative_values' reason='negative_numeric_value'
2026-08-19 23:23:58 | INFO | Dropped 77 duplicate session action(s)
2026-08-19 23:23:58 | INFO | [batch_4] in=5000 out=4672 quarantined=328
2026-08-19 23:23:58 | WARNING | Quarantined 140 row(s) at stage='check_missing_identifiers' reason='missing_required_identifier'
2026-08-19 23:23:58 | WARNING | Quarantined 120 row(s) at stage='check_negative_values' reason='negative_numeric_value'
2026-08-19 23:23:58 | INFO | Dropped 87 duplicate session action(s)
2026-08-19 23:23:58 | INFO | [batch_5] in=5000 out=4653 quarantined=347
2026-08-19 23:23:58 | WARNING | Quarantined 148 row(s) at stage='check_missing_identifiers' reason='missing_required_identifier'
2026-08-19 23:23:58 | WARNING | Quarantined 118 row(s) at stage='check_negative_values' reason='negative_numeric_value'
2026-08-19 23:23:58 | INFO | Dropped 76 duplicate session action(s)
2026-08-19 23:23:58 | INFO | [batch_6] in=5000 out=4658 quarantined=342
2026-08-19 23:23:58 | WARNING | Quarantined 152 row(s) at stage='check_missing_identifiers' reason='missing_required_identifier'
2026-08-19 23:23:58 | WARNING | Quarantined 132 row(s) at stage='check_negative_values' reason='negative_numeric_value'
2026-08-19 23:23:58 | INFO | Dropped 72 duplicate session action(s)
2026-08-19 23:23:58 | INFO | [batch_7] in=5000 out=4644 quarantined=356
2026-08-19 23:23:58 | WARNING | Quarantined 167 row(s) at stage='check_missing_identifiers' reason='missing_required_identifier'
2026-08-19 23:23:58 | WARNING | Quarantined 132 row(s) at stage='check_negative_values' reason='negative_numeric_value'
2026-08-19 23:23:58 | INFO | Dropped 83 duplicate session action(s)
2026-08-19 23:23:58 | INFO | [batch_8] in=5000 out=4618 quarantined=382
2026-08-19 23:23:58 | WARNING | Quarantined 123 row(s) at stage='check_missing_identifiers' reason='missing_required_identifier'
2026-08-19 23:23:58 | WARNING | Quarantined 132 row(s) at stage='check_negative_values' reason='negative_numeric_value'
2026-08-19 23:23:58 | INFO | Dropped 71 duplicate session action(s)
2026-08-19 23:23:58 | INFO | [batch_9] in=5000 out=4674 quarantined=326
2026-08-19 23:23:58 | WARNING | Quarantined 167 row(s) at stage='check_missing_identifiers' reason='missing_required_identifier'
2026-08-19 23:23:58 | WARNING | Quarantined 135 row(s) at stage='check_negative_values' reason='negative_numeric_value'
2026-08-19 23:23:58 | INFO | Dropped 108 duplicate session action(s)
2026-08-19 23:23:58 | INFO | [batch_10] in=5000 out=4590 quarantined=410
2026-08-19 23:23:58 | WARNING | Quarantined 159 row(s) at stage='check_missing_identifiers' reason='missing_required_identifier'
2026-08-19 23:23:58 | WARNING | Quarantined 128 row(s) at stage='check_negative_values' reason='negative_numeric_value'
2026-08-19 23:23:58 | INFO | Dropped 95 duplicate session action(s)
2026-08-19 23:23:58 | INFO | [batch_11] in=5000 out=4618 quarantined=382
2026-08-19 23:23:59 | WARNING | Quarantined 145 row(s) at stage='check_missing_identifiers' reason='missing_required_identifier'
2026-08-19 23:23:59 | WARNING | Quarantined 129 row(s) at stage='check_negative_values' reason='negative_numeric_value'
2026-08-19 23:23:59 | INFO | Dropped 95 duplicate session action(s)
2026-08-19 23:23:59 | INFO | [batch_12] in=5000 out=4631 quarantined=369
2026-08-19 23:23:59 | WARNING | Quarantined 137 row(s) at stage='check_missing_identifiers' reason='missing_required_identifier'
2026-08-19 23:23:59 | WARNING | Quarantined 116 row(s) at stage='check_negative_values' reason='negative_numeric_value'
2026-08-19 23:23:59 | INFO | Dropped 106 duplicate session action(s)
2026-08-19 23:23:59 | INFO | [batch_13] in=5000 out=4641 quarantined=359
2026-08-19 23:23:59 | WARNING | Quarantined 134 row(s) at stage='check_missing_identifiers' reason='missing_required_identifier'
2026-08-19 23:23:59 | WARNING | Quarantined 123 row(s) at stage='check_negative_values' reason='negative_numeric_value'
2026-08-19 23:23:59 | INFO | Dropped 106 duplicate session action(s)
2026-08-19 23:23:59 | INFO | [batch_14] in=5000 out=4637 quarantined=363
2026-08-19 23:23:59 | WARNING | Quarantined 142 row(s) at stage='check_missing_identifiers' reason='missing_required_identifier'
2026-08-19 23:23:59 | WARNING | Quarantined 128 row(s) at stage='check_negative_values' reason='negative_numeric_value'
2026-08-19 23:23:59 | INFO | Dropped 117 duplicate session action(s)
2026-08-19 23:23:59 | INFO | [batch_15] in=5000 out=4613 quarantined=387
2026-08-19 23:23:59 | WARNING | Quarantined 140 row(s) at stage='check_missing_identifiers' reason='missing_required_identifier'
2026-08-19 23:23:59 | WARNING | Quarantined 112 row(s) at stage='check_negative_values' reason='negative_numeric_value'
2026-08-19 23:23:59 | INFO | Dropped 98 duplicate session action(s)
2026-08-19 23:23:59 | INFO | [batch_16] in=5000 out=4650 quarantined=350
2026-08-19 23:23:59 | WARNING | Quarantined 157 row(s) at stage='check_missing_identifiers' reason='missing_required_identifier'
2026-08-19 23:23:59 | WARNING | Quarantined 124 row(s) at stage='check_negative_values' reason='negative_numeric_value'
2026-08-19 23:23:59 | INFO | Dropped 106 duplicate session action(s)
2026-08-19 23:23:59 | INFO | [batch_17] in=5000 out=4613 quarantined=387
2026-08-19 23:23:59 | WARNING | Quarantined 160 row(s) at stage='check_missing_identifiers' reason='missing_required_identifier'
2026-08-19 23:23:59 | WARNING | Quarantined 105 row(s) at stage='check_negative_values' reason='negative_numeric_value'
2026-08-19 23:23:59 | INFO | Dropped 113 duplicate session action(s)
2026-08-19 23:23:59 | INFO | [batch_18] in=5000 out=4622 quarantined=378
2026-08-19 23:23:59 | WARNING | Quarantined 150 row(s) at stage='check_missing_identifiers' reason='missing_required_identifier'
2026-08-19 23:23:59 | WARNING | Quarantined 109 row(s) at stage='check_negative_values' reason='negative_numeric_value'
2026-08-19 23:23:59 | INFO | Dropped 98 duplicate session action(s)
2026-08-19 23:23:59 | INFO | [batch_19] in=5000 out=4643 quarantined=357
2026-08-19 23:23:59 | WARNING | Quarantined 151 row(s) at stage='check_missing_identifiers' reason='missing_required_identifier'
2026-08-19 23:23:59 | WARNING | Quarantined 124 row(s) at stage='check_negative_values' reason='negative_numeric_value'
2026-08-19 23:23:59 | INFO | Dropped 113 duplicate session action(s)
2026-08-19 23:23:59 | INFO | [batch_20] in=5000 out=4612 quarantined=388
2026-08-19 23:23:59 | WARNING | Quarantined 158 row(s) at stage='check_missing_identifiers' reason='missing_required_identifier'
2026-08-19 23:23:59 | WARNING | Quarantined 114 row(s) at stage='check_negative_values' reason='negative_numeric_value'
2026-08-19 23:23:59 | INFO | Dropped 113 duplicate session action(s)
2026-08-19 23:23:59 | INFO | [batch_21] in=5000 out=4615 quarantined=385
2026-08-19 23:23:59 | WARNING | Quarantined 141 row(s) at stage='check_missing_identifiers' reason='missing_required_identifier'
2026-08-19 23:23:59 | WARNING | Quarantined 113 row(s) at stage='check_negative_values' reason='negative_numeric_value'
2026-08-19 23:23:59 | INFO | Dropped 115 duplicate session action(s)
2026-08-19 23:23:59 | INFO | [batch_22] in=5000 out=4631 quarantined=369
2026-08-19 23:23:59 | WARNING | Quarantined 146 row(s) at stage='check_missing_identifiers' reason='missing_required_identifier'
2026-08-19 23:23:59 | WARNING | Quarantined 119 row(s) at stage='check_negative_values' reason='negative_numeric_value'
2026-08-19 23:23:59 | INFO | Dropped 103 duplicate session action(s)
2026-08-19 23:23:59 | INFO | [batch_23] in=5000 out=4632 quarantined=368
2026-08-19 23:23:59 | WARNING | Quarantined 141 row(s) at stage='check_missing_identifiers' reason='missing_required_identifier'
2026-08-19 23:23:59 | WARNING | Quarantined 124 row(s) at stage='check_negative_values' reason='negative_numeric_value'
2026-08-19 23:23:59 | INFO | Dropped 134 duplicate session action(s)
2026-08-19 23:23:59 | INFO | [batch_24] in=5000 out=4601 quarantined=399
2026-08-19 23:23:59 | WARNING | Quarantined 164 row(s) at stage='check_missing_identifiers' reason='missing_required_identifier'
2026-08-19 23:23:59 | WARNING | Quarantined 127 row(s) at stage='check_negative_values' reason='negative_numeric_value'
2026-08-19 23:23:59 | INFO | Dropped 114 duplicate session action(s)
2026-08-19 23:23:59 | INFO | [batch_25] in=5000 out=4595 quarantined=405
2026-08-19 23:23:59 | WARNING | Quarantined 150 row(s) at stage='check_missing_identifiers' reason='missing_required_identifier'
2026-08-19 23:23:59 | WARNING | Quarantined 116 row(s) at stage='check_negative_values' reason='negative_numeric_value'
2026-08-19 23:23:59 | INFO | Dropped 116 duplicate session action(s)
2026-08-19 23:23:59 | INFO | [batch_26] in=5000 out=4618 quarantined=382
2026-08-19 23:23:59 | WARNING | Quarantined 146 row(s) at stage='check_missing_identifiers' reason='missing_required_identifier'
2026-08-19 23:23:59 | WARNING | Quarantined 124 row(s) at stage='check_negative_values' reason='negative_numeric_value'
2026-08-19 23:23:59 | INFO | Dropped 104 duplicate session action(s)
2026-08-19 23:23:59 | INFO | [batch_27] in=5000 out=4626 quarantined=374
2026-08-19 23:23:59 | WARNING | Quarantined 128 row(s) at stage='check_missing_identifiers' reason='missing_required_identifier'
2026-08-19 23:23:59 | WARNING | Quarantined 124 row(s) at stage='check_negative_values' reason='negative_numeric_value'
2026-08-19 23:23:59 | INFO | Dropped 110 duplicate session action(s)
2026-08-19 23:23:59 | INFO | [batch_28] in=5000 out=4638 quarantined=362
2026-08-19 23:23:59 | WARNING | Quarantined 148 row(s) at stage='check_missing_identifiers' reason='missing_required_identifier'
2026-08-19 23:23:59 | WARNING | Quarantined 134 row(s) at stage='check_negative_values' reason='negative_numeric_value'
2026-08-19 23:23:59 | INFO | Dropped 110 duplicate session action(s)
2026-08-19 23:23:59 | INFO | [batch_29] in=5000 out=4608 quarantined=392
2026-08-19 23:23:59 | WARNING | Quarantined 123 row(s) at stage='check_missing_identifiers' reason='missing_required_identifier'
2026-08-19 23:24:00 | WARNING | Quarantined 113 row(s) at stage='check_negative_values' reason='negative_numeric_value'
2026-08-19 23:24:00 | INFO | Dropped 111 duplicate session action(s)
2026-08-19 23:24:00 | INFO | [batch_30] in=5000 out=4653 quarantined=347
2026-08-19 23:24:00 | WARNING | Quarantined 153 row(s) at stage='check_missing_identifiers' reason='missing_required_identifier'
2026-08-19 23:24:00 | WARNING | Quarantined 121 row(s) at stage='check_negative_values' reason='negative_numeric_value'
2026-08-19 23:24:00 | INFO | Dropped 119 duplicate session action(s)
2026-08-19 23:24:00 | INFO | [batch_31] in=5000 out=4607 quarantined=393
2026-08-19 23:24:00 | WARNING | Quarantined 115 row(s) at stage='check_missing_identifiers' reason='missing_required_identifier'
2026-08-19 23:24:00 | WARNING | Quarantined 112 row(s) at stage='check_negative_values' reason='negative_numeric_value'
2026-08-19 23:24:00 | INFO | Dropped 109 duplicate session action(s)
2026-08-19 23:24:00 | INFO | [batch_32] in=5000 out=4664 quarantined=336
2026-08-19 23:24:00 | WARNING | Quarantined 150 row(s) at stage='check_missing_identifiers' reason='missing_required_identifier'
2026-08-19 23:24:00 | WARNING | Quarantined 105 row(s) at stage='check_negative_values' reason='negative_numeric_value'
2026-08-19 23:24:00 | INFO | Dropped 108 duplicate session action(s)
2026-08-19 23:24:00 | INFO | [batch_33] in=5000 out=4637 quarantined=363
2026-08-19 23:24:00 | WARNING | Quarantined 153 row(s) at stage='check_missing_identifiers' reason='missing_required_identifier'
2026-08-19 23:24:00 | WARNING | Quarantined 114 row(s) at stage='check_negative_values' reason='negative_numeric_value'
2026-08-19 23:24:00 | INFO | Dropped 139 duplicate session action(s)
2026-08-19 23:24:00 | INFO | [batch_34] in=5000 out=4594 quarantined=406
2026-08-19 23:24:00 | WARNING | Quarantined 158 row(s) at stage='check_missing_identifiers' reason='missing_required_identifier'
2026-08-19 23:24:00 | WARNING | Quarantined 121 row(s) at stage='check_negative_values' reason='negative_numeric_value'
2026-08-19 23:24:00 | INFO | Dropped 125 duplicate session action(s)
2026-08-19 23:24:00 | INFO | [batch_35] in=5000 out=4596 quarantined=404
2026-08-19 23:24:00 | WARNING | Quarantined 150 row(s) at stage='check_missing_identifiers' reason='missing_required_identifier'
2026-08-19 23:24:00 | WARNING | Quarantined 114 row(s) at stage='check_negative_values' reason='negative_numeric_value'
2026-08-19 23:24:00 | INFO | Dropped 123 duplicate session action(s)
2026-08-19 23:24:00 | INFO | [batch_36] in=5000 out=4613 quarantined=387
2026-08-19 23:24:00 | WARNING | Quarantined 150 row(s) at stage='check_missing_identifiers' reason='missing_required_identifier'
2026-08-19 23:24:00 | WARNING | Quarantined 128 row(s) at stage='check_negative_values' reason='negative_numeric_value'
2026-08-19 23:24:00 | INFO | Dropped 127 duplicate session action(s)
2026-08-19 23:24:00 | INFO | [batch_37] in=5000 out=4595 quarantined=405
2026-08-19 23:24:00 | WARNING | Quarantined 166 row(s) at stage='check_missing_identifiers' reason='missing_required_identifier'
2026-08-19 23:24:00 | WARNING | Quarantined 132 row(s) at stage='check_negative_values' reason='negative_numeric_value'
2026-08-19 23:24:00 | INFO | Dropped 100 duplicate session action(s)
2026-08-19 23:24:00 | INFO | [batch_38] in=5000 out=4602 quarantined=398
2026-08-19 23:24:00 | WARNING | Quarantined 127 row(s) at stage='check_missing_identifiers' reason='missing_required_identifier'
2026-08-19 23:24:00 | WARNING | Quarantined 118 row(s) at stage='check_negative_values' reason='negative_numeric_value'
2026-08-19 23:24:00 | INFO | Dropped 106 duplicate session action(s)
2026-08-19 23:24:00 | INFO | [batch_39] in=5000 out=4649 quarantined=351
2026-08-19 23:24:00 | WARNING | Quarantined 143 row(s) at stage='check_missing_identifiers' reason='missing_required_identifier'
2026-08-19 23:24:00 | WARNING | Quarantined 113 row(s) at stage='check_negative_values' reason='negative_numeric_value'
2026-08-19 23:24:00 | INFO | Dropped 99 duplicate session action(s)
2026-08-19 23:24:00 | INFO | [batch_40] in=5000 out=4645 quarantined=355
2026-08-19 23:24:00 | WARNING | Quarantined 161 row(s) at stage='check_missing_identifiers' reason='missing_required_identifier'
2026-08-19 23:24:00 | WARNING | Quarantined 94 row(s) at stage='check_negative_values' reason='negative_numeric_value'
2026-08-19 23:24:00 | INFO | Dropped 105 duplicate session action(s)
2026-08-19 23:24:00 | INFO | [batch_41] in=5000 out=4640 quarantined=360
2026-08-19 23:24:00 | WARNING | Quarantined 142 row(s) at stage='check_missing_identifiers' reason='missing_required_identifier'
2026-08-19 23:24:00 | WARNING | Quarantined 131 row(s) at stage='check_negative_values' reason='negative_numeric_value'
2026-08-19 23:24:00 | INFO | Dropped 111 duplicate session action(s)
2026-08-19 23:24:00 | INFO | [batch_42] in=5000 out=4616 quarantined=384
2026-08-19 23:24:00 | WARNING | Quarantined 150 row(s) at stage='check_missing_identifiers' reason='missing_required_identifier'
2026-08-19 23:24:00 | WARNING | Quarantined 97 row(s) at stage='check_negative_values' reason='negative_numeric_value'
2026-08-19 23:24:00 | INFO | Dropped 85 duplicate session action(s)
2026-08-19 23:24:00 | INFO | [batch_43] in=5000 out=4668 quarantined=332
2026-08-19 23:24:00 | WARNING | Quarantined 138 row(s) at stage='check_missing_identifiers' reason='missing_required_identifier'
2026-08-19 23:24:00 | WARNING | Quarantined 121 row(s) at stage='check_negative_values' reason='negative_numeric_value'
2026-08-19 23:24:00 | INFO | Dropped 82 duplicate session action(s)
2026-08-19 23:24:00 | INFO | [batch_44] in=5000 out=4659 quarantined=341
2026-08-19 23:24:00 | WARNING | Quarantined 138 row(s) at stage='check_missing_identifiers' reason='missing_required_identifier'
2026-08-19 23:24:00 | WARNING | Quarantined 113 row(s) at stage='check_negative_values' reason='negative_numeric_value'
2026-08-19 23:24:00 | INFO | Dropped 86 duplicate session action(s)
2026-08-19 23:24:00 | INFO | [batch_45] in=5000 out=4663 quarantined=337
2026-08-19 23:24:00 | WARNING | Quarantined 138 row(s) at stage='check_missing_identifiers' reason='missing_required_identifier'
2026-08-19 23:24:00 | WARNING | Quarantined 139 row(s) at stage='check_negative_values' reason='negative_numeric_value'
2026-08-19 23:24:00 | INFO | Dropped 93 duplicate session action(s)
2026-08-19 23:24:00 | INFO | [batch_46] in=5000 out=4630 quarantined=370
2026-08-19 23:24:00 | WARNING | Quarantined 160 row(s) at stage='check_missing_identifiers' reason='missing_required_identifier'
2026-08-19 23:24:00 | WARNING | Quarantined 128 row(s) at stage='check_negative_values' reason='negative_numeric_value'
2026-08-19 23:24:00 | INFO | Dropped 77 duplicate session action(s)
2026-08-19 23:24:00 | INFO | [batch_47] in=5000 out=4635 quarantined=365
2026-08-19 23:24:01 | WARNING | Quarantined 178 row(s) at stage='check_missing_identifiers' reason='missing_required_identifier'
2026-08-19 23:24:01 | WARNING | Quarantined 136 row(s) at stage='check_negative_values' reason='negative_numeric_value'
2026-08-19 23:24:01 | INFO | Dropped 84 duplicate session action(s)
2026-08-19 23:24:01 | INFO | [batch_48] in=5000 out=4602 quarantined=398
2026-08-19 23:24:01 | WARNING | Quarantined 147 row(s) at stage='check_missing_identifiers' reason='missing_required_identifier'
2026-08-19 23:24:01 | WARNING | Quarantined 120 row(s) at stage='check_negative_values' reason='negative_numeric_value'
2026-08-19 23:24:01 | INFO | Dropped 87 duplicate session action(s)
2026-08-19 23:24:01 | INFO | [batch_49] in=5000 out=4646 quarantined=354
2026-08-19 23:24:01 | WARNING | Quarantined 149 row(s) at stage='check_missing_identifiers' reason='missing_required_identifier'
2026-08-19 23:24:01 | WARNING | Quarantined 128 row(s) at stage='check_negative_values' reason='negative_numeric_value'
2026-08-19 23:24:01 | INFO | Dropped 70 duplicate session action(s)
2026-08-19 23:24:01 | INFO | [batch_50] in=5000 out=4653 quarantined=347
2026-08-19 23:24:01 | WARNING | Quarantined 149 row(s) at stage='check_missing_identifiers' reason='missing_required_identifier'
2026-08-19 23:24:01 | WARNING | Quarantined 113 row(s) at stage='check_negative_values' reason='negative_numeric_value'
2026-08-19 23:24:01 | INFO | Dropped 92 duplicate session action(s)
2026-08-19 23:24:01 | INFO | [batch_51] in=5000 out=4646 quarantined=354
2026-08-19 23:24:01 | WARNING | Quarantined 144 row(s) at stage='check_missing_identifiers' reason='missing_required_identifier'
2026-08-19 23:24:01 | WARNING | Quarantined 125 row(s) at stage='check_negative_values' reason='negative_numeric_value'
2026-08-19 23:24:01 | INFO | Dropped 99 duplicate session action(s)
2026-08-19 23:24:01 | INFO | [batch_52] in=5000 out=4632 quarantined=368
2026-08-19 23:24:01 | WARNING | Quarantined 159 row(s) at stage='check_missing_identifiers' reason='missing_required_identifier'
2026-08-19 23:24:01 | WARNING | Quarantined 112 row(s) at stage='check_negative_values' reason='negative_numeric_value'
2026-08-19 23:24:01 | INFO | Dropped 98 duplicate session action(s)
2026-08-19 23:24:01 | INFO | [batch_53] in=5000 out=4631 quarantined=369
2026-08-19 23:24:01 | WARNING | Quarantined 161 row(s) at stage='check_missing_identifiers' reason='missing_required_identifier'
2026-08-19 23:24:01 | WARNING | Quarantined 125 row(s) at stage='check_negative_values' reason='negative_numeric_value'
2026-08-19 23:24:01 | INFO | Dropped 78 duplicate session action(s)
2026-08-19 23:24:01 | INFO | [batch_54] in=5000 out=4636 quarantined=364
2026-08-19 23:24:01 | WARNING | Quarantined 125 row(s) at stage='check_missing_identifiers' reason='missing_required_identifier'
2026-08-19 23:24:01 | WARNING | Quarantined 135 row(s) at stage='check_negative_values' reason='negative_numeric_value'
2026-08-19 23:24:01 | INFO | Dropped 69 duplicate session action(s)
2026-08-19 23:24:01 | INFO | [batch_55] in=5000 out=4671 quarantined=329
2026-08-19 23:24:01 | WARNING | Quarantined 149 row(s) at stage='check_missing_identifiers' reason='missing_required_identifier'
2026-08-19 23:24:01 | WARNING | Quarantined 121 row(s) at stage='check_negative_values' reason='negative_numeric_value'
2026-08-19 23:24:01 | INFO | Dropped 79 duplicate session action(s)
2026-08-19 23:24:01 | INFO | [batch_56] in=5000 out=4651 quarantined=349
2026-08-19 23:24:01 | WARNING | Quarantined 140 row(s) at stage='check_missing_identifiers' reason='missing_required_identifier'
2026-08-19 23:24:01 | WARNING | Quarantined 133 row(s) at stage='check_negative_values' reason='negative_numeric_value'
2026-08-19 23:24:01 | INFO | Dropped 102 duplicate session action(s)
2026-08-19 23:24:01 | INFO | [batch_57] in=5000 out=4625 quarantined=375
2026-08-19 23:24:01 | WARNING | Quarantined 154 row(s) at stage='check_missing_identifiers' reason='missing_required_identifier'
2026-08-19 23:24:01 | WARNING | Quarantined 131 row(s) at stage='check_negative_values' reason='negative_numeric_value'
2026-08-19 23:24:01 | INFO | Dropped 74 duplicate session action(s)
2026-08-19 23:24:01 | INFO | [batch_58] in=5000 out=4641 quarantined=359
2026-08-19 23:24:01 | WARNING | Quarantined 151 row(s) at stage='check_missing_identifiers' reason='missing_required_identifier'
2026-08-19 23:24:01 | WARNING | Quarantined 120 row(s) at stage='check_negative_values' reason='negative_numeric_value'
2026-08-19 23:24:01 | INFO | Dropped 75 duplicate session action(s)
2026-08-19 23:24:01 | INFO | [batch_59] in=5000 out=4654 quarantined=346
2026-08-19 23:24:01 | WARNING | Quarantined 138 row(s) at stage='check_missing_identifiers' reason='missing_required_identifier'
2026-08-19 23:24:01 | WARNING | Quarantined 132 row(s) at stage='check_negative_values' reason='negative_numeric_value'
2026-08-19 23:24:01 | INFO | Dropped 92 duplicate session action(s)
2026-08-19 23:24:01 | INFO | [batch_60] in=5000 out=4638 quarantined=362
2026-08-19 23:24:01 | WARNING | Quarantined 157 row(s) at stage='check_missing_identifiers' reason='missing_required_identifier'
2026-08-19 23:24:01 | WARNING | Quarantined 121 row(s) at stage='check_negative_values' reason='negative_numeric_value'
2026-08-19 23:24:01 | INFO | Dropped 97 duplicate session action(s)
2026-08-19 23:24:01 | INFO | [batch_61] in=5000 out=4625 quarantined=375
2026-08-19 23:24:01 | WARNING | Quarantined 145 row(s) at stage='check_missing_identifiers' reason='missing_required_identifier'
2026-08-19 23:24:01 | WARNING | Quarantined 111 row(s) at stage='check_negative_values' reason='negative_numeric_value'
2026-08-19 23:24:01 | INFO | Dropped 76 duplicate session action(s)
2026-08-19 23:24:01 | INFO | [batch_62] in=5000 out=4668 quarantined=332
2026-08-19 23:24:01 | WARNING | Quarantined 160 row(s) at stage='check_missing_identifiers' reason='missing_required_identifier'
2026-08-19 23:24:01 | WARNING | Quarantined 124 row(s) at stage='check_negative_values' reason='negative_numeric_value'
2026-08-19 23:24:01 | INFO | Dropped 81 duplicate session action(s)
2026-08-19 23:24:01 | INFO | [batch_63] in=5000 out=4635 quarantined=365
2026-08-19 23:24:01 | WARNING | Quarantined 153 row(s) at stage='check_missing_identifiers' reason='missing_required_identifier'
2026-08-19 23:24:01 | WARNING | Quarantined 136 row(s) at stage='check_negative_values' reason='negative_numeric_value'
2026-08-19 23:24:01 | INFO | Dropped 106 duplicate session action(s)
2026-08-19 23:24:01 | INFO | [batch_64] in=5000 out=4605 quarantined=395
2026-08-19 23:24:01 | WARNING | Quarantined 129 row(s) at stage='check_missing_identifiers' reason='missing_required_identifier'
2026-08-19 23:24:01 | WARNING | Quarantined 121 row(s) at stage='check_negative_values' reason='negative_numeric_value'
2026-08-19 23:24:01 | INFO | Dropped 97 duplicate session action(s)
2026-08-19 23:24:01 | INFO | [batch_65] in=5000 out=4653 quarantined=347
2026-08-19 23:24:02 | WARNING | Quarantined 127 row(s) at stage='check_missing_identifiers' reason='missing_required_identifier'
2026-08-19 23:24:02 | WARNING | Quarantined 127 row(s) at stage='check_negative_values' reason='negative_numeric_value'
2026-08-19 23:24:02 | INFO | Dropped 78 duplicate session action(s)
2026-08-19 23:24:02 | INFO | [batch_66] in=5000 out=4668 quarantined=332
2026-08-19 23:24:02 | WARNING | Quarantined 153 row(s) at stage='check_missing_identifiers' reason='missing_required_identifier'
2026-08-19 23:24:02 | WARNING | Quarantined 112 row(s) at stage='check_negative_values' reason='negative_numeric_value'
2026-08-19 23:24:02 | INFO | Dropped 107 duplicate session action(s)
2026-08-19 23:24:02 | INFO | [batch_67] in=5000 out=4628 quarantined=372
2026-08-19 23:24:02 | WARNING | Quarantined 135 row(s) at stage='check_missing_identifiers' reason='missing_required_identifier'
2026-08-19 23:24:02 | WARNING | Quarantined 131 row(s) at stage='check_negative_values' reason='negative_numeric_value'
2026-08-19 23:24:02 | INFO | Dropped 92 duplicate session action(s)
2026-08-19 23:24:02 | INFO | [batch_68] in=5000 out=4642 quarantined=358
2026-08-19 23:24:02 | WARNING | Quarantined 137 row(s) at stage='check_missing_identifiers' reason='missing_required_identifier'
2026-08-19 23:24:02 | WARNING | Quarantined 123 row(s) at stage='check_negative_values' reason='negative_numeric_value'
2026-08-19 23:24:02 | INFO | Dropped 102 duplicate session action(s)
2026-08-19 23:24:02 | INFO | [batch_69] in=5000 out=4638 quarantined=362
2026-08-19 23:24:02 | WARNING | Quarantined 160 row(s) at stage='check_missing_identifiers' reason='missing_required_identifier'
2026-08-19 23:24:02 | WARNING | Quarantined 135 row(s) at stage='check_negative_values' reason='negative_numeric_value'
2026-08-19 23:24:02 | INFO | Dropped 102 duplicate session action(s)
2026-08-19 23:24:02 | INFO | [batch_70] in=5000 out=4603 quarantined=397
2026-08-19 23:24:02 | WARNING | Quarantined 158 row(s) at stage='check_missing_identifiers' reason='missing_required_identifier'
2026-08-19 23:24:02 | WARNING | Quarantined 125 row(s) at stage='check_negative_values' reason='negative_numeric_value'
2026-08-19 23:24:02 | INFO | Dropped 104 duplicate session action(s)
2026-08-19 23:24:02 | INFO | [batch_71] in=5000 out=4613 quarantined=387
2026-08-19 23:24:02 | WARNING | Quarantined 157 row(s) at stage='check_missing_identifiers' reason='missing_required_identifier'
2026-08-19 23:24:02 | WARNING | Quarantined 112 row(s) at stage='check_negative_values' reason='negative_numeric_value'
2026-08-19 23:24:02 | INFO | Dropped 99 duplicate session action(s)
2026-08-19 23:24:02 | INFO | [batch_72] in=5000 out=4632 quarantined=368
2026-08-19 23:24:02 | WARNING | Quarantined 138 row(s) at stage='check_missing_identifiers' reason='missing_required_identifier'
2026-08-19 23:24:02 | WARNING | Quarantined 106 row(s) at stage='check_negative_values' reason='negative_numeric_value'
2026-08-19 23:24:02 | INFO | Dropped 108 duplicate session action(s)
2026-08-19 23:24:02 | INFO | [batch_73] in=5000 out=4648 quarantined=352
2026-08-19 23:24:02 | WARNING | Quarantined 161 row(s) at stage='check_missing_identifiers' reason='missing_required_identifier'
2026-08-19 23:24:02 | WARNING | Quarantined 115 row(s) at stage='check_negative_values' reason='negative_numeric_value'
2026-08-19 23:24:02 | INFO | Dropped 107 duplicate session action(s)
2026-08-19 23:24:02 | INFO | [batch_74] in=5000 out=4617 quarantined=383
2026-08-19 23:24:02 | WARNING | Quarantined 152 row(s) at stage='check_missing_identifiers' reason='missing_required_identifier'
2026-08-19 23:24:02 | WARNING | Quarantined 120 row(s) at stage='check_negative_values' reason='negative_numeric_value'
2026-08-19 23:24:02 | INFO | Dropped 99 duplicate session action(s)
2026-08-19 23:24:02 | INFO | [batch_75] in=5000 out=4629 quarantined=371
2026-08-19 23:24:02 | WARNING | Quarantined 167 row(s) at stage='check_missing_identifiers' reason='missing_required_identifier'
2026-08-19 23:24:02 | WARNING | Quarantined 120 row(s) at stage='check_negative_values' reason='negative_numeric_value'
2026-08-19 23:24:02 | INFO | Dropped 84 duplicate session action(s)
2026-08-19 23:24:02 | INFO | [batch_76] in=5000 out=4629 quarantined=371
2026-08-19 23:24:02 | WARNING | Quarantined 157 row(s) at stage='check_missing_identifiers' reason='missing_required_identifier'
2026-08-19 23:24:02 | WARNING | Quarantined 109 row(s) at stage='check_negative_values' reason='negative_numeric_value'
2026-08-19 23:24:02 | INFO | Dropped 98 duplicate session action(s)
2026-08-19 23:24:02 | INFO | [batch_77] in=5000 out=4636 quarantined=364
2026-08-19 23:24:02 | WARNING | Quarantined 136 row(s) at stage='check_missing_identifiers' reason='missing_required_identifier'
2026-08-19 23:24:02 | WARNING | Quarantined 135 row(s) at stage='check_negative_values' reason='negative_numeric_value'
2026-08-19 23:24:02 | INFO | Dropped 96 duplicate session action(s)
2026-08-19 23:24:02 | INFO | [batch_78] in=5000 out=4633 quarantined=367
2026-08-19 23:24:02 | WARNING | Quarantined 143 row(s) at stage='check_missing_identifiers' reason='missing_required_identifier'
2026-08-19 23:24:02 | WARNING | Quarantined 114 row(s) at stage='check_negative_values' reason='negative_numeric_value'
2026-08-19 23:24:02 | INFO | Dropped 102 duplicate session action(s)
2026-08-19 23:24:02 | INFO | [batch_79] in=5000 out=4641 quarantined=359
2026-08-19 23:24:02 | WARNING | Quarantined 151 row(s) at stage='check_missing_identifiers' reason='missing_required_identifier'
2026-08-19 23:24:02 | WARNING | Quarantined 129 row(s) at stage='check_negative_values' reason='negative_numeric_value'
2026-08-19 23:24:02 | INFO | Dropped 76 duplicate session action(s)
2026-08-19 23:24:02 | INFO | [batch_80] in=5000 out=4644 quarantined=356
2026-08-19 23:24:02 | WARNING | Quarantined 169 row(s) at stage='check_missing_identifiers' reason='missing_required_identifier'
2026-08-19 23:24:02 | WARNING | Quarantined 134 row(s) at stage='check_negative_values' reason='negative_numeric_value'
2026-08-19 23:24:02 | INFO | Dropped 94 duplicate session action(s)
2026-08-19 23:24:02 | INFO | [batch_81] in=5000 out=4603 quarantined=397
2026-08-19 23:24:02 | WARNING | Quarantined 164 row(s) at stage='check_missing_identifiers' reason='missing_required_identifier'
2026-08-19 23:24:02 | WARNING | Quarantined 115 row(s) at stage='check_negative_values' reason='negative_numeric_value'
2026-08-19 23:24:02 | INFO | Dropped 104 duplicate session action(s)
2026-08-19 23:24:02 | INFO | [batch_82] in=5000 out=4617 quarantined=383
2026-08-19 23:24:02 | WARNING | Quarantined 171 row(s) at stage='check_missing_identifiers' reason='missing_required_identifier'
2026-08-19 23:24:02 | WARNING | Quarantined 115 row(s) at stage='check_negative_values' reason='negative_numeric_value'
2026-08-19 23:24:02 | INFO | Dropped 106 duplicate session action(s)
2026-08-19 23:24:02 | INFO | [batch_83] in=5000 out=4608 quarantined=392
2026-08-19 23:24:02 | WARNING | Quarantined 147 row(s) at stage='check_missing_identifiers' reason='missing_required_identifier'
2026-08-19 23:24:02 | WARNING | Quarantined 122 row(s) at stage='check_negative_values' reason='negative_numeric_value'
2026-08-19 23:24:03 | INFO | Dropped 83 duplicate session action(s)
2026-08-19 23:24:03 | INFO | [batch_84] in=5000 out=4648 quarantined=352
2026-08-19 23:24:03 | WARNING | Quarantined 150 row(s) at stage='check_missing_identifiers' reason='missing_required_identifier'
2026-08-19 23:24:03 | WARNING | Quarantined 122 row(s) at stage='check_negative_values' reason='negative_numeric_value'
2026-08-19 23:24:03 | INFO | Dropped 117 duplicate session action(s)
2026-08-19 23:24:03 | INFO | [batch_85] in=5000 out=4611 quarantined=389
2026-08-19 23:24:03 | WARNING | Quarantined 164 row(s) at stage='check_missing_identifiers' reason='missing_required_identifier'
2026-08-19 23:24:03 | WARNING | Quarantined 112 row(s) at stage='check_negative_values' reason='negative_numeric_value'
2026-08-19 23:24:03 | INFO | Dropped 116 duplicate session action(s)
2026-08-19 23:24:03 | INFO | [batch_86] in=5000 out=4608 quarantined=392
2026-08-19 23:24:03 | WARNING | Quarantined 148 row(s) at stage='check_missing_identifiers' reason='missing_required_identifier'
2026-08-19 23:24:03 | WARNING | Quarantined 130 row(s) at stage='check_negative_values' reason='negative_numeric_value'
2026-08-19 23:24:03 | INFO | Dropped 105 duplicate session action(s)
2026-08-19 23:24:03 | INFO | [batch_87] in=5000 out=4617 quarantined=383
2026-08-19 23:24:03 | WARNING | Quarantined 166 row(s) at stage='check_missing_identifiers' reason='missing_required_identifier'
2026-08-19 23:24:03 | WARNING | Quarantined 122 row(s) at stage='check_negative_values' reason='negative_numeric_value'
2026-08-19 23:24:03 | INFO | Dropped 71 duplicate session action(s)
2026-08-19 23:24:03 | INFO | [batch_88] in=5000 out=4641 quarantined=359
2026-08-19 23:24:03 | WARNING | Quarantined 132 row(s) at stage='check_missing_identifiers' reason='missing_required_identifier'
2026-08-19 23:24:03 | WARNING | Quarantined 136 row(s) at stage='check_negative_values' reason='negative_numeric_value'
2026-08-19 23:24:03 | INFO | Dropped 82 duplicate session action(s)
2026-08-19 23:24:03 | INFO | [batch_89] in=5000 out=4650 quarantined=350
2026-08-19 23:24:03 | WARNING | Quarantined 135 row(s) at stage='check_missing_identifiers' reason='missing_required_identifier'
2026-08-19 23:24:03 | WARNING | Quarantined 134 row(s) at stage='check_negative_values' reason='negative_numeric_value'
2026-08-19 23:24:03 | INFO | Dropped 93 duplicate session action(s)
2026-08-19 23:24:03 | INFO | [batch_90] in=5000 out=4638 quarantined=362
2026-08-19 23:24:03 | WARNING | Quarantined 140 row(s) at stage='check_missing_identifiers' reason='missing_required_identifier'
2026-08-19 23:24:03 | WARNING | Quarantined 113 row(s) at stage='check_negative_values' reason='negative_numeric_value'
2026-08-19 23:24:03 | INFO | Dropped 89 duplicate session action(s)
2026-08-19 23:24:03 | INFO | [batch_91] in=5000 out=4658 quarantined=342
2026-08-19 23:24:03 | WARNING | Quarantined 132 row(s) at stage='check_missing_identifiers' reason='missing_required_identifier'
2026-08-19 23:24:03 | WARNING | Quarantined 109 row(s) at stage='check_negative_values' reason='negative_numeric_value'
2026-08-19 23:24:03 | INFO | Dropped 95 duplicate session action(s)
2026-08-19 23:24:03 | INFO | [batch_92] in=5000 out=4664 quarantined=336
2026-08-19 23:24:03 | WARNING | Quarantined 159 row(s) at stage='check_missing_identifiers' reason='missing_required_identifier'
2026-08-19 23:24:03 | WARNING | Quarantined 113 row(s) at stage='check_negative_values' reason='negative_numeric_value'
2026-08-19 23:24:03 | INFO | Dropped 77 duplicate session action(s)
2026-08-19 23:24:03 | INFO | [batch_93] in=5000 out=4651 quarantined=349
2026-08-19 23:24:03 | WARNING | Quarantined 162 row(s) at stage='check_missing_identifiers' reason='missing_required_identifier'
2026-08-19 23:24:03 | WARNING | Quarantined 112 row(s) at stage='check_negative_values' reason='negative_numeric_value'
2026-08-19 23:24:03 | INFO | Dropped 84 duplicate session action(s)
2026-08-19 23:24:03 | INFO | [batch_94] in=5000 out=4642 quarantined=358
2026-08-19 23:24:03 | WARNING | Quarantined 122 row(s) at stage='check_missing_identifiers' reason='missing_required_identifier'
2026-08-19 23:24:03 | WARNING | Quarantined 125 row(s) at stage='check_negative_values' reason='negative_numeric_value'
2026-08-19 23:24:03 | INFO | Dropped 86 duplicate session action(s)
2026-08-19 23:24:03 | INFO | [batch_95] in=5000 out=4667 quarantined=333
2026-08-19 23:24:03 | WARNING | Quarantined 140 row(s) at stage='check_missing_identifiers' reason='missing_required_identifier'
2026-08-19 23:24:03 | WARNING | Quarantined 114 row(s) at stage='check_negative_values' reason='negative_numeric_value'
2026-08-19 23:24:03 | INFO | Dropped 96 duplicate session action(s)
2026-08-19 23:24:03 | INFO | [batch_96] in=5000 out=4650 quarantined=350
2026-08-19 23:24:03 | WARNING | Quarantined 173 row(s) at stage='check_missing_identifiers' reason='missing_required_identifier'
2026-08-19 23:24:03 | WARNING | Quarantined 121 row(s) at stage='check_negative_values' reason='negative_numeric_value'
2026-08-19 23:24:03 | INFO | Dropped 119 duplicate session action(s)
2026-08-19 23:24:03 | INFO | [batch_97] in=5000 out=4587 quarantined=413
2026-08-19 23:24:03 | WARNING | Quarantined 141 row(s) at stage='check_missing_identifiers' reason='missing_required_identifier'
2026-08-19 23:24:03 | WARNING | Quarantined 115 row(s) at stage='check_negative_values' reason='negative_numeric_value'
2026-08-19 23:24:03 | INFO | Dropped 91 duplicate session action(s)
2026-08-19 23:24:03 | INFO | [batch_98] in=5000 out=4653 quarantined=347
2026-08-19 23:24:03 | WARNING | Quarantined 11 row(s) at stage='check_missing_identifiers' reason='missing_required_identifier'
2026-08-19 23:24:03 | WARNING | Quarantined 10 row(s) at stage='check_negative_values' reason='negative_numeric_value'
2026-08-19 23:24:03 | INFO | Dropped 11 duplicate session action(s)
2026-08-19 23:24:03 | INFO | [batch_99] in=398 out=366 quarantined=32
2026-08-19 23:24:18 | INFO | Wrote 454499 row(s) to 'ladringan_saldua_prelim_project/data/analytics/events' partitioned by ['product_department']
2026-08-19 23:24:18 | INFO | Wrote 15 row(s) to 'ladringan_saldua_prelim_project/data/analytics/abandoned_metrics' partitioned by ['product_department']
2026-08-19 23:24:19 | INFO | Flushed 26387 quarantined row(s) to ladringan_saldua_prelim_project/quarantine/quarantine_20260819T152418.csv
2026-08-19 23:24:19 | INFO | Pipeline run complete: {'total_in': 490398, 'total_out': 454499, 'quarantined': 26387}
2026-08-19 23:28:06 | INFO | Pipeline run started
2026-08-19 23:28:06 | WARNING | Quarantined 288 row(s) at stage='check_missing_identifiers' reason='missing_required_identifier'
2026-08-19 23:28:06 | WARNING | Quarantined 227 row(s) at stage='check_negative_values' reason='negative_numeric_value'
2026-08-19 23:28:06 | INFO | Dropped 142 duplicate session action(s)
2026-08-19 23:28:06 | INFO | [batch_1] in=10000 out=9343 quarantined=657
2026-08-19 23:28:06 | WARNING | Quarantined 298 row(s) at stage='check_missing_identifiers' reason='missing_required_identifier'
2026-08-19 23:28:06 | WARNING | Quarantined 212 row(s) at stage='check_negative_values' reason='negative_numeric_value'
2026-08-19 23:28:06 | INFO | Dropped 174 duplicate session action(s)
2026-08-19 23:28:06 | INFO | [batch_2] in=10000 out=9316 quarantined=684
2026-08-19 23:28:06 | WARNING | Quarantined 288 row(s) at stage='check_missing_identifiers' reason='missing_required_identifier'
2026-08-19 23:28:06 | WARNING | Quarantined 238 row(s) at stage='check_negative_values' reason='negative_numeric_value'
2026-08-19 23:28:06 | INFO | Dropped 163 duplicate session action(s)
2026-08-19 23:28:06 | INFO | [batch_3] in=10000 out=9311 quarantined=689
2026-08-19 23:28:06 | WARNING | Quarantined 319 row(s) at stage='check_missing_identifiers' reason='missing_required_identifier'
2026-08-19 23:28:06 | WARNING | Quarantined 264 row(s) at stage='check_negative_values' reason='negative_numeric_value'
2026-08-19 23:28:06 | INFO | Dropped 155 duplicate session action(s)
2026-08-19 23:28:06 | INFO | [batch_4] in=10000 out=9262 quarantined=738
2026-08-19 23:28:06 | WARNING | Quarantined 290 row(s) at stage='check_missing_identifiers' reason='missing_required_identifier'
2026-08-19 23:28:06 | WARNING | Quarantined 267 row(s) at stage='check_negative_values' reason='negative_numeric_value'
2026-08-19 23:28:07 | INFO | Dropped 179 duplicate session action(s)
2026-08-19 23:28:07 | INFO | [batch_5] in=10000 out=9264 quarantined=736
2026-08-19 23:28:07 | WARNING | Quarantined 304 row(s) at stage='check_missing_identifiers' reason='missing_required_identifier'
2026-08-19 23:28:07 | WARNING | Quarantined 257 row(s) at stage='check_negative_values' reason='negative_numeric_value'
2026-08-19 23:28:07 | INFO | Dropped 190 duplicate session action(s)
2026-08-19 23:28:07 | INFO | [batch_6] in=10000 out=9249 quarantined=751
2026-08-19 23:28:07 | WARNING | Quarantined 271 row(s) at stage='check_missing_identifiers' reason='missing_required_identifier'
2026-08-19 23:28:07 | WARNING | Quarantined 239 row(s) at stage='check_negative_values' reason='negative_numeric_value'
2026-08-19 23:28:07 | INFO | Dropped 212 duplicate session action(s)
2026-08-19 23:28:07 | INFO | [batch_7] in=10000 out=9278 quarantined=722
2026-08-19 23:28:07 | WARNING | Quarantined 282 row(s) at stage='check_missing_identifiers' reason='missing_required_identifier'
2026-08-19 23:28:07 | WARNING | Quarantined 240 row(s) at stage='check_negative_values' reason='negative_numeric_value'
2026-08-19 23:28:07 | INFO | Dropped 215 duplicate session action(s)
2026-08-19 23:28:07 | INFO | [batch_8] in=10000 out=9263 quarantined=737
2026-08-19 23:28:07 | WARNING | Quarantined 317 row(s) at stage='check_missing_identifiers' reason='missing_required_identifier'
2026-08-19 23:28:07 | WARNING | Quarantined 229 row(s) at stage='check_negative_values' reason='negative_numeric_value'
2026-08-19 23:28:07 | INFO | Dropped 219 duplicate session action(s)
2026-08-19 23:28:07 | INFO | [batch_9] in=10000 out=9235 quarantined=765
2026-08-19 23:28:07 | WARNING | Quarantined 301 row(s) at stage='check_missing_identifiers' reason='missing_required_identifier'
2026-08-19 23:28:07 | WARNING | Quarantined 233 row(s) at stage='check_negative_values' reason='negative_numeric_value'
2026-08-19 23:28:07 | INFO | Dropped 211 duplicate session action(s)
2026-08-19 23:28:07 | INFO | [batch_10] in=10000 out=9255 quarantined=745
2026-08-19 23:28:07 | WARNING | Quarantined 299 row(s) at stage='check_missing_identifiers' reason='missing_required_identifier'
2026-08-19 23:28:07 | WARNING | Quarantined 227 row(s) at stage='check_negative_values' reason='negative_numeric_value'
2026-08-19 23:28:07 | INFO | Dropped 228 duplicate session action(s)
2026-08-19 23:28:07 | INFO | [batch_11] in=10000 out=9246 quarantined=754
2026-08-19 23:28:07 | WARNING | Quarantined 287 row(s) at stage='check_missing_identifiers' reason='missing_required_identifier'
2026-08-19 23:28:07 | WARNING | Quarantined 243 row(s) at stage='check_negative_values' reason='negative_numeric_value'
2026-08-19 23:28:07 | INFO | Dropped 237 duplicate session action(s)
2026-08-19 23:28:07 | INFO | [batch_12] in=10000 out=9233 quarantined=767
2026-08-19 23:28:07 | WARNING | Quarantined 314 row(s) at stage='check_missing_identifiers' reason='missing_required_identifier'
2026-08-19 23:28:07 | WARNING | Quarantined 243 row(s) at stage='check_negative_values' reason='negative_numeric_value'
2026-08-19 23:28:07 | INFO | Dropped 230 duplicate session action(s)
2026-08-19 23:28:07 | INFO | [batch_13] in=10000 out=9213 quarantined=787
2026-08-19 23:28:07 | WARNING | Quarantined 274 row(s) at stage='check_missing_identifiers' reason='missing_required_identifier'
2026-08-19 23:28:07 | WARNING | Quarantined 248 row(s) at stage='check_negative_values' reason='negative_numeric_value'
2026-08-19 23:28:08 | INFO | Dropped 214 duplicate session action(s)
2026-08-19 23:28:08 | INFO | [batch_14] in=10000 out=9264 quarantined=736
2026-08-19 23:28:08 | WARNING | Quarantined 271 row(s) at stage='check_missing_identifiers' reason='missing_required_identifier'
2026-08-19 23:28:08 | WARNING | Quarantined 247 row(s) at stage='check_negative_values' reason='negative_numeric_value'
2026-08-19 23:28:08 | INFO | Dropped 221 duplicate session action(s)
2026-08-19 23:28:08 | INFO | [batch_15] in=10000 out=9261 quarantined=739
2026-08-19 23:28:08 | WARNING | Quarantined 268 row(s) at stage='check_missing_identifiers' reason='missing_required_identifier'
2026-08-19 23:28:08 | WARNING | Quarantined 233 row(s) at stage='check_negative_values' reason='negative_numeric_value'
2026-08-19 23:28:08 | INFO | Dropped 228 duplicate session action(s)
2026-08-19 23:28:08 | INFO | [batch_16] in=10000 out=9271 quarantined=729
2026-08-19 23:28:08 | WARNING | Quarantined 303 row(s) at stage='check_missing_identifiers' reason='missing_required_identifier'
2026-08-19 23:28:08 | WARNING | Quarantined 219 row(s) at stage='check_negative_values' reason='negative_numeric_value'
2026-08-19 23:28:08 | INFO | Dropped 247 duplicate session action(s)
2026-08-19 23:28:08 | INFO | [batch_17] in=10000 out=9231 quarantined=769
2026-08-19 23:28:08 | WARNING | Quarantined 308 row(s) at stage='check_missing_identifiers' reason='missing_required_identifier'
2026-08-19 23:28:08 | WARNING | Quarantined 235 row(s) at stage='check_negative_values' reason='negative_numeric_value'
2026-08-19 23:28:08 | INFO | Dropped 248 duplicate session action(s)
2026-08-19 23:28:08 | INFO | [batch_18] in=10000 out=9209 quarantined=791
2026-08-19 23:28:08 | WARNING | Quarantined 316 row(s) at stage='check_missing_identifiers' reason='missing_required_identifier'
2026-08-19 23:28:08 | WARNING | Quarantined 260 row(s) at stage='check_negative_values' reason='negative_numeric_value'
2026-08-19 23:28:08 | INFO | Dropped 227 duplicate session action(s)
2026-08-19 23:28:08 | INFO | [batch_19] in=10000 out=9197 quarantined=803
2026-08-19 23:28:08 | WARNING | Quarantined 270 row(s) at stage='check_missing_identifiers' reason='missing_required_identifier'
2026-08-19 23:28:08 | WARNING | Quarantined 231 row(s) at stage='check_negative_values' reason='negative_numeric_value'
2026-08-19 23:28:08 | INFO | Dropped 205 duplicate session action(s)
2026-08-19 23:28:08 | INFO | [batch_20] in=10000 out=9294 quarantined=706
2026-08-19 23:28:08 | WARNING | Quarantined 303 row(s) at stage='check_missing_identifiers' reason='missing_required_identifier'
2026-08-19 23:28:08 | WARNING | Quarantined 225 row(s) at stage='check_negative_values' reason='negative_numeric_value'
2026-08-19 23:28:08 | INFO | Dropped 216 duplicate session action(s)
2026-08-19 23:28:08 | INFO | [batch_21] in=10000 out=9256 quarantined=744
2026-08-19 23:28:08 | WARNING | Quarantined 288 row(s) at stage='check_missing_identifiers' reason='missing_required_identifier'
2026-08-19 23:28:08 | WARNING | Quarantined 218 row(s) at stage='check_negative_values' reason='negative_numeric_value'
2026-08-19 23:28:08 | INFO | Dropped 167 duplicate session action(s)
2026-08-19 23:28:08 | INFO | [batch_22] in=10000 out=9327 quarantined=673
2026-08-19 23:28:08 | WARNING | Quarantined 276 row(s) at stage='check_missing_identifiers' reason='missing_required_identifier'
2026-08-19 23:28:08 | WARNING | Quarantined 252 row(s) at stage='check_negative_values' reason='negative_numeric_value'
2026-08-19 23:28:08 | INFO | Dropped 179 duplicate session action(s)
2026-08-19 23:28:08 | INFO | [batch_23] in=10000 out=9293 quarantined=707
2026-08-19 23:28:08 | WARNING | Quarantined 338 row(s) at stage='check_missing_identifiers' reason='missing_required_identifier'
2026-08-19 23:28:08 | WARNING | Quarantined 264 row(s) at stage='check_negative_values' reason='negative_numeric_value'
2026-08-19 23:28:09 | INFO | Dropped 161 duplicate session action(s)
2026-08-19 23:28:09 | INFO | [batch_24] in=10000 out=9237 quarantined=763
2026-08-19 23:28:09 | WARNING | Quarantined 296 row(s) at stage='check_missing_identifiers' reason='missing_required_identifier'
2026-08-19 23:28:09 | WARNING | Quarantined 248 row(s) at stage='check_negative_values' reason='negative_numeric_value'
2026-08-19 23:28:09 | INFO | Dropped 157 duplicate session action(s)
2026-08-19 23:28:09 | INFO | [batch_25] in=10000 out=9299 quarantined=701
2026-08-19 23:28:09 | WARNING | Quarantined 293 row(s) at stage='check_missing_identifiers' reason='missing_required_identifier'
2026-08-19 23:28:09 | WARNING | Quarantined 238 row(s) at stage='check_negative_values' reason='negative_numeric_value'
2026-08-19 23:28:09 | INFO | Dropped 191 duplicate session action(s)
2026-08-19 23:28:09 | INFO | [batch_26] in=10000 out=9278 quarantined=722
2026-08-19 23:28:09 | WARNING | Quarantined 320 row(s) at stage='check_missing_identifiers' reason='missing_required_identifier'
2026-08-19 23:28:09 | WARNING | Quarantined 237 row(s) at stage='check_negative_values' reason='negative_numeric_value'
2026-08-19 23:28:09 | INFO | Dropped 176 duplicate session action(s)
2026-08-19 23:28:09 | INFO | [batch_27] in=10000 out=9267 quarantined=733
2026-08-19 23:28:09 | WARNING | Quarantined 274 row(s) at stage='check_missing_identifiers' reason='missing_required_identifier'
2026-08-19 23:28:09 | WARNING | Quarantined 256 row(s) at stage='check_negative_values' reason='negative_numeric_value'
2026-08-19 23:28:09 | INFO | Dropped 148 duplicate session action(s)
2026-08-19 23:28:09 | INFO | [batch_28] in=10000 out=9322 quarantined=678
2026-08-19 23:28:09 | WARNING | Quarantined 294 row(s) at stage='check_missing_identifiers' reason='missing_required_identifier'
2026-08-19 23:28:09 | WARNING | Quarantined 264 row(s) at stage='check_negative_values' reason='negative_numeric_value'
2026-08-19 23:28:09 | INFO | Dropped 176 duplicate session action(s)
2026-08-19 23:28:09 | INFO | [batch_29] in=10000 out=9266 quarantined=734
2026-08-19 23:28:09 | WARNING | Quarantined 289 row(s) at stage='check_missing_identifiers' reason='missing_required_identifier'
2026-08-19 23:28:09 | WARNING | Quarantined 252 row(s) at stage='check_negative_values' reason='negative_numeric_value'
2026-08-19 23:28:09 | INFO | Dropped 167 duplicate session action(s)
2026-08-19 23:28:09 | INFO | [batch_30] in=10000 out=9292 quarantined=708
2026-08-19 23:28:09 | WARNING | Quarantined 302 row(s) at stage='check_missing_identifiers' reason='missing_required_identifier'
2026-08-19 23:28:09 | WARNING | Quarantined 232 row(s) at stage='check_negative_values' reason='negative_numeric_value'
2026-08-19 23:28:09 | INFO | Dropped 173 duplicate session action(s)
2026-08-19 23:28:09 | INFO | [batch_31] in=10000 out=9293 quarantined=707
2026-08-19 23:28:09 | WARNING | Quarantined 313 row(s) at stage='check_missing_identifiers' reason='missing_required_identifier'
2026-08-19 23:28:09 | WARNING | Quarantined 260 row(s) at stage='check_negative_values' reason='negative_numeric_value'
2026-08-19 23:28:09 | INFO | Dropped 187 duplicate session action(s)
2026-08-19 23:28:09 | INFO | [batch_32] in=10000 out=9240 quarantined=760
2026-08-19 23:28:09 | WARNING | Quarantined 256 row(s) at stage='check_missing_identifiers' reason='missing_required_identifier'
2026-08-19 23:28:09 | WARNING | Quarantined 248 row(s) at stage='check_negative_values' reason='negative_numeric_value'
2026-08-19 23:28:09 | INFO | Dropped 175 duplicate session action(s)
2026-08-19 23:28:09 | INFO | [batch_33] in=10000 out=9321 quarantined=679
2026-08-19 23:28:09 | WARNING | Quarantined 288 row(s) at stage='check_missing_identifiers' reason='missing_required_identifier'
2026-08-19 23:28:09 | WARNING | Quarantined 243 row(s) at stage='check_negative_values' reason='negative_numeric_value'
2026-08-19 23:28:10 | INFO | Dropped 199 duplicate session action(s)
2026-08-19 23:28:10 | INFO | [batch_34] in=10000 out=9270 quarantined=730
2026-08-19 23:28:10 | WARNING | Quarantined 297 row(s) at stage='check_missing_identifiers' reason='missing_required_identifier'
2026-08-19 23:28:10 | WARNING | Quarantined 258 row(s) at stage='check_negative_values' reason='negative_numeric_value'
2026-08-19 23:28:10 | INFO | Dropped 204 duplicate session action(s)
2026-08-19 23:28:10 | INFO | [batch_35] in=10000 out=9241 quarantined=759
2026-08-19 23:28:10 | WARNING | Quarantined 315 row(s) at stage='check_missing_identifiers' reason='missing_required_identifier'
2026-08-19 23:28:10 | WARNING | Quarantined 237 row(s) at stage='check_negative_values' reason='negative_numeric_value'
2026-08-19 23:28:10 | INFO | Dropped 203 duplicate session action(s)
2026-08-19 23:28:10 | INFO | [batch_36] in=10000 out=9245 quarantined=755
2026-08-19 23:28:10 | WARNING | Quarantined 299 row(s) at stage='check_missing_identifiers' reason='missing_required_identifier'
2026-08-19 23:28:10 | WARNING | Quarantined 221 row(s) at stage='check_negative_values' reason='negative_numeric_value'
2026-08-19 23:28:10 | INFO | Dropped 215 duplicate session action(s)
2026-08-19 23:28:10 | INFO | [batch_37] in=10000 out=9265 quarantined=735
2026-08-19 23:28:10 | WARNING | Quarantined 319 row(s) at stage='check_missing_identifiers' reason='missing_required_identifier'
2026-08-19 23:28:10 | WARNING | Quarantined 240 row(s) at stage='check_negative_values' reason='negative_numeric_value'
2026-08-19 23:28:10 | INFO | Dropped 183 duplicate session action(s)
2026-08-19 23:28:10 | INFO | [batch_38] in=10000 out=9258 quarantined=742
2026-08-19 23:28:10 | WARNING | Quarantined 293 row(s) at stage='check_missing_identifiers' reason='missing_required_identifier'
2026-08-19 23:28:10 | WARNING | Quarantined 244 row(s) at stage='check_negative_values' reason='negative_numeric_value'
2026-08-19 23:28:10 | INFO | Dropped 194 duplicate session action(s)
2026-08-19 23:28:10 | INFO | [batch_39] in=10000 out=9269 quarantined=731
2026-08-19 23:28:10 | WARNING | Quarantined 294 row(s) at stage='check_missing_identifiers' reason='missing_required_identifier'
2026-08-19 23:28:10 | WARNING | Quarantined 243 row(s) at stage='check_negative_values' reason='negative_numeric_value'
2026-08-19 23:28:10 | INFO | Dropped 178 duplicate session action(s)
2026-08-19 23:28:10 | INFO | [batch_40] in=10000 out=9285 quarantined=715
2026-08-19 23:28:10 | WARNING | Quarantined 333 row(s) at stage='check_missing_identifiers' reason='missing_required_identifier'
2026-08-19 23:28:10 | WARNING | Quarantined 249 row(s) at stage='check_negative_values' reason='negative_numeric_value'
2026-08-19 23:28:10 | INFO | Dropped 198 duplicate session action(s)
2026-08-19 23:28:10 | INFO | [batch_41] in=10000 out=9220 quarantined=780
2026-08-19 23:28:10 | WARNING | Quarantined 318 row(s) at stage='check_missing_identifiers' reason='missing_required_identifier'
2026-08-19 23:28:10 | WARNING | Quarantined 237 row(s) at stage='check_negative_values' reason='negative_numeric_value'
2026-08-19 23:28:10 | INFO | Dropped 189 duplicate session action(s)
2026-08-19 23:28:10 | INFO | [batch_42] in=10000 out=9256 quarantined=744
2026-08-19 23:28:10 | WARNING | Quarantined 314 row(s) at stage='check_missing_identifiers' reason='missing_required_identifier'
2026-08-19 23:28:10 | WARNING | Quarantined 234 row(s) at stage='check_negative_values' reason='negative_numeric_value'
2026-08-19 23:28:10 | INFO | Dropped 233 duplicate session action(s)
2026-08-19 23:28:10 | INFO | [batch_43] in=10000 out=9219 quarantined=781
2026-08-19 23:28:11 | WARNING | Quarantined 314 row(s) at stage='check_missing_identifiers' reason='missing_required_identifier'
2026-08-19 23:28:11 | WARNING | Quarantined 252 row(s) at stage='check_negative_values' reason='negative_numeric_value'
2026-08-19 23:28:11 | INFO | Dropped 176 duplicate session action(s)
2026-08-19 23:28:11 | INFO | [batch_44] in=10000 out=9258 quarantined=742
2026-08-19 23:28:11 | WARNING | Quarantined 267 row(s) at stage='check_missing_identifiers' reason='missing_required_identifier'
2026-08-19 23:28:11 | WARNING | Quarantined 270 row(s) at stage='check_negative_values' reason='negative_numeric_value'
2026-08-19 23:28:11 | INFO | Dropped 175 duplicate session action(s)
2026-08-19 23:28:11 | INFO | [batch_45] in=10000 out=9288 quarantined=712
2026-08-19 23:28:11 | WARNING | Quarantined 272 row(s) at stage='check_missing_identifiers' reason='missing_required_identifier'
2026-08-19 23:28:11 | WARNING | Quarantined 222 row(s) at stage='check_negative_values' reason='negative_numeric_value'
2026-08-19 23:28:11 | INFO | Dropped 184 duplicate session action(s)
2026-08-19 23:28:11 | INFO | [batch_46] in=10000 out=9322 quarantined=678
2026-08-19 23:28:11 | WARNING | Quarantined 321 row(s) at stage='check_missing_identifiers' reason='missing_required_identifier'
2026-08-19 23:28:11 | WARNING | Quarantined 225 row(s) at stage='check_negative_values' reason='negative_numeric_value'
2026-08-19 23:28:11 | INFO | Dropped 161 duplicate session action(s)
2026-08-19 23:28:11 | INFO | [batch_47] in=10000 out=9293 quarantined=707
2026-08-19 23:28:11 | WARNING | Quarantined 262 row(s) at stage='check_missing_identifiers' reason='missing_required_identifier'
2026-08-19 23:28:11 | WARNING | Quarantined 239 row(s) at stage='check_negative_values' reason='negative_numeric_value'
2026-08-19 23:28:11 | INFO | Dropped 182 duplicate session action(s)
2026-08-19 23:28:11 | INFO | [batch_48] in=10000 out=9317 quarantined=683
2026-08-19 23:28:11 | WARNING | Quarantined 314 row(s) at stage='check_missing_identifiers' reason='missing_required_identifier'
2026-08-19 23:28:11 | WARNING | Quarantined 236 row(s) at stage='check_negative_values' reason='negative_numeric_value'
2026-08-19 23:28:11 | INFO | Dropped 210 duplicate session action(s)
2026-08-19 23:28:11 | INFO | [batch_49] in=10000 out=9240 quarantined=760
2026-08-19 23:28:11 | WARNING | Quarantined 11 row(s) at stage='check_missing_identifiers' reason='missing_required_identifier'
2026-08-19 23:28:11 | WARNING | Quarantined 10 row(s) at stage='check_negative_values' reason='negative_numeric_value'
2026-08-19 23:28:11 | INFO | Dropped 11 duplicate session action(s)
2026-08-19 23:28:11 | INFO | [batch_50] in=398 out=366 quarantined=32
2026-08-19 23:28:26 | INFO | Wrote 454498 row(s) to 'ladringan_saldua_prelim_project/data/analytics/events' partitioned by ['product_department']
2026-08-19 23:28:26 | INFO | Wrote 15 row(s) to 'ladringan_saldua_prelim_project/data/analytics/abandoned_metrics' partitioned by ['product_department']
2026-08-19 23:28:27 | INFO | Flushed 26387 quarantined row(s) to ladringan_saldua_prelim_project/quarantine/null_product_ids_20260819T152826.csv
2026-08-19 23:28:27 | INFO | Pipeline run complete: {'total_in': 490398, 'total_out': 454498, 'quarantined': 26387}
2026-08-19 23:36:27 | INFO | Pipeline run started
2026-08-19 23:36:27 | WARNING | Quarantined 148 row(s) at stage='check_missing_identifiers' reason='missing_required_identifier'
2026-08-19 23:36:27 | WARNING | Quarantined 111 row(s) at stage='check_negative_values' reason='negative_numeric_value'
2026-08-19 23:36:27 | INFO | Dropped 69 duplicate session action(s)
2026-08-19 23:36:27 | INFO | [batch_1] in=5000 out=4672 quarantined=328
2026-08-19 23:36:27 | WARNING | Quarantined 140 row(s) at stage='check_missing_identifiers' reason='missing_required_identifier'
2026-08-19 23:36:27 | WARNING | Quarantined 116 row(s) at stage='check_negative_values' reason='negative_numeric_value'
2026-08-19 23:36:27 | INFO | Dropped 73 duplicate session action(s)
2026-08-19 23:36:27 | INFO | [batch_2] in=5000 out=4671 quarantined=329
2026-08-19 23:36:27 | WARNING | Quarantined 149 row(s) at stage='check_missing_identifiers' reason='missing_required_identifier'
2026-08-19 23:36:27 | WARNING | Quarantined 110 row(s) at stage='check_negative_values' reason='negative_numeric_value'
2026-08-19 23:36:27 | INFO | Dropped 96 duplicate session action(s)
2026-08-19 23:36:27 | INFO | [batch_3] in=5000 out=4645 quarantined=355
2026-08-19 23:36:27 | WARNING | Quarantined 149 row(s) at stage='check_missing_identifiers' reason='missing_required_identifier'
2026-08-19 23:36:27 | WARNING | Quarantined 102 row(s) at stage='check_negative_values' reason='negative_numeric_value'
2026-08-19 23:36:28 | INFO | Dropped 77 duplicate session action(s)
2026-08-19 23:36:28 | INFO | [batch_4] in=5000 out=4672 quarantined=328
2026-08-19 23:36:28 | WARNING | Quarantined 140 row(s) at stage='check_missing_identifiers' reason='missing_required_identifier'
2026-08-19 23:36:28 | WARNING | Quarantined 120 row(s) at stage='check_negative_values' reason='negative_numeric_value'
2026-08-19 23:36:28 | INFO | Dropped 87 duplicate session action(s)
2026-08-19 23:36:28 | INFO | [batch_5] in=5000 out=4653 quarantined=347
2026-08-19 23:36:28 | WARNING | Quarantined 148 row(s) at stage='check_missing_identifiers' reason='missing_required_identifier'
2026-08-19 23:36:28 | WARNING | Quarantined 118 row(s) at stage='check_negative_values' reason='negative_numeric_value'
2026-08-19 23:36:28 | INFO | Dropped 76 duplicate session action(s)
2026-08-19 23:36:28 | INFO | [batch_6] in=5000 out=4658 quarantined=342
2026-08-19 23:36:28 | WARNING | Quarantined 152 row(s) at stage='check_missing_identifiers' reason='missing_required_identifier'
2026-08-19 23:36:28 | WARNING | Quarantined 132 row(s) at stage='check_negative_values' reason='negative_numeric_value'
2026-08-19 23:36:28 | INFO | Dropped 72 duplicate session action(s)
2026-08-19 23:36:28 | INFO | [batch_7] in=5000 out=4644 quarantined=356
2026-08-19 23:36:28 | WARNING | Quarantined 167 row(s) at stage='check_missing_identifiers' reason='missing_required_identifier'
2026-08-19 23:36:28 | WARNING | Quarantined 132 row(s) at stage='check_negative_values' reason='negative_numeric_value'
2026-08-19 23:36:28 | INFO | Dropped 83 duplicate session action(s)
2026-08-19 23:36:28 | INFO | [batch_8] in=5000 out=4618 quarantined=382
2026-08-19 23:36:28 | WARNING | Quarantined 123 row(s) at stage='check_missing_identifiers' reason='missing_required_identifier'
2026-08-19 23:36:28 | WARNING | Quarantined 132 row(s) at stage='check_negative_values' reason='negative_numeric_value'
2026-08-19 23:36:28 | INFO | Dropped 71 duplicate session action(s)
2026-08-19 23:36:28 | INFO | [batch_9] in=5000 out=4674 quarantined=326
2026-08-19 23:36:28 | WARNING | Quarantined 167 row(s) at stage='check_missing_identifiers' reason='missing_required_identifier'
2026-08-19 23:36:28 | WARNING | Quarantined 135 row(s) at stage='check_negative_values' reason='negative_numeric_value'
2026-08-19 23:36:28 | INFO | Dropped 108 duplicate session action(s)
2026-08-19 23:36:28 | INFO | [batch_10] in=5000 out=4590 quarantined=410
2026-08-19 23:36:28 | WARNING | Quarantined 159 row(s) at stage='check_missing_identifiers' reason='missing_required_identifier'
2026-08-19 23:36:28 | WARNING | Quarantined 128 row(s) at stage='check_negative_values' reason='negative_numeric_value'
2026-08-19 23:36:28 | INFO | Dropped 95 duplicate session action(s)
2026-08-19 23:36:28 | INFO | [batch_11] in=5000 out=4618 quarantined=382
2026-08-19 23:36:28 | WARNING | Quarantined 145 row(s) at stage='check_missing_identifiers' reason='missing_required_identifier'
2026-08-19 23:36:28 | WARNING | Quarantined 129 row(s) at stage='check_negative_values' reason='negative_numeric_value'
2026-08-19 23:36:28 | INFO | Dropped 95 duplicate session action(s)
2026-08-19 23:36:28 | INFO | [batch_12] in=5000 out=4631 quarantined=369
2026-08-19 23:36:28 | WARNING | Quarantined 137 row(s) at stage='check_missing_identifiers' reason='missing_required_identifier'
2026-08-19 23:36:28 | WARNING | Quarantined 116 row(s) at stage='check_negative_values' reason='negative_numeric_value'
2026-08-19 23:36:28 | INFO | Dropped 106 duplicate session action(s)
2026-08-19 23:36:28 | INFO | [batch_13] in=5000 out=4641 quarantined=359
2026-08-19 23:36:28 | WARNING | Quarantined 134 row(s) at stage='check_missing_identifiers' reason='missing_required_identifier'
2026-08-19 23:36:28 | WARNING | Quarantined 123 row(s) at stage='check_negative_values' reason='negative_numeric_value'
2026-08-19 23:36:28 | INFO | Dropped 106 duplicate session action(s)
2026-08-19 23:36:28 | INFO | [batch_14] in=5000 out=4637 quarantined=363
2026-08-19 23:36:28 | WARNING | Quarantined 142 row(s) at stage='check_missing_identifiers' reason='missing_required_identifier'
2026-08-19 23:36:28 | WARNING | Quarantined 128 row(s) at stage='check_negative_values' reason='negative_numeric_value'
2026-08-19 23:36:28 | INFO | Dropped 117 duplicate session action(s)
2026-08-19 23:36:28 | INFO | [batch_15] in=5000 out=4613 quarantined=387
2026-08-19 23:36:28 | WARNING | Quarantined 140 row(s) at stage='check_missing_identifiers' reason='missing_required_identifier'
2026-08-19 23:36:28 | WARNING | Quarantined 112 row(s) at stage='check_negative_values' reason='negative_numeric_value'
2026-08-19 23:36:28 | INFO | Dropped 98 duplicate session action(s)
2026-08-19 23:36:28 | INFO | [batch_16] in=5000 out=4650 quarantined=350
2026-08-19 23:36:28 | WARNING | Quarantined 157 row(s) at stage='check_missing_identifiers' reason='missing_required_identifier'
2026-08-19 23:36:28 | WARNING | Quarantined 124 row(s) at stage='check_negative_values' reason='negative_numeric_value'
2026-08-19 23:36:28 | INFO | Dropped 106 duplicate session action(s)
2026-08-19 23:36:28 | INFO | [batch_17] in=5000 out=4613 quarantined=387
2026-08-19 23:36:28 | WARNING | Quarantined 160 row(s) at stage='check_missing_identifiers' reason='missing_required_identifier'
2026-08-19 23:36:28 | WARNING | Quarantined 105 row(s) at stage='check_negative_values' reason='negative_numeric_value'
2026-08-19 23:36:28 | INFO | Dropped 113 duplicate session action(s)
2026-08-19 23:36:28 | INFO | [batch_18] in=5000 out=4622 quarantined=378
2026-08-19 23:36:28 | WARNING | Quarantined 150 row(s) at stage='check_missing_identifiers' reason='missing_required_identifier'
2026-08-19 23:36:28 | WARNING | Quarantined 109 row(s) at stage='check_negative_values' reason='negative_numeric_value'
2026-08-19 23:36:28 | INFO | Dropped 98 duplicate session action(s)
2026-08-19 23:36:28 | INFO | [batch_19] in=5000 out=4643 quarantined=357
2026-08-19 23:36:28 | WARNING | Quarantined 151 row(s) at stage='check_missing_identifiers' reason='missing_required_identifier'
2026-08-19 23:36:28 | WARNING | Quarantined 124 row(s) at stage='check_negative_values' reason='negative_numeric_value'
2026-08-19 23:36:28 | INFO | Dropped 113 duplicate session action(s)
2026-08-19 23:36:28 | INFO | [batch_20] in=5000 out=4612 quarantined=388
2026-08-19 23:36:28 | WARNING | Quarantined 158 row(s) at stage='check_missing_identifiers' reason='missing_required_identifier'
2026-08-19 23:36:28 | WARNING | Quarantined 114 row(s) at stage='check_negative_values' reason='negative_numeric_value'
2026-08-19 23:36:28 | INFO | Dropped 113 duplicate session action(s)
2026-08-19 23:36:28 | INFO | [batch_21] in=5000 out=4615 quarantined=385
2026-08-19 23:36:29 | WARNING | Quarantined 141 row(s) at stage='check_missing_identifiers' reason='missing_required_identifier'
2026-08-19 23:36:29 | WARNING | Quarantined 113 row(s) at stage='check_negative_values' reason='negative_numeric_value'
2026-08-19 23:36:29 | INFO | Dropped 115 duplicate session action(s)
2026-08-19 23:36:29 | INFO | [batch_22] in=5000 out=4631 quarantined=369
2026-08-19 23:36:29 | WARNING | Quarantined 146 row(s) at stage='check_missing_identifiers' reason='missing_required_identifier'
2026-08-19 23:36:29 | WARNING | Quarantined 119 row(s) at stage='check_negative_values' reason='negative_numeric_value'
2026-08-19 23:36:29 | INFO | Dropped 103 duplicate session action(s)
2026-08-19 23:36:29 | INFO | [batch_23] in=5000 out=4632 quarantined=368
2026-08-19 23:36:29 | WARNING | Quarantined 141 row(s) at stage='check_missing_identifiers' reason='missing_required_identifier'
2026-08-19 23:36:29 | WARNING | Quarantined 124 row(s) at stage='check_negative_values' reason='negative_numeric_value'
2026-08-19 23:36:29 | INFO | Dropped 134 duplicate session action(s)
2026-08-19 23:36:29 | INFO | [batch_24] in=5000 out=4601 quarantined=399
2026-08-19 23:36:29 | WARNING | Quarantined 164 row(s) at stage='check_missing_identifiers' reason='missing_required_identifier'
2026-08-19 23:36:29 | WARNING | Quarantined 127 row(s) at stage='check_negative_values' reason='negative_numeric_value'
2026-08-19 23:36:29 | INFO | Dropped 114 duplicate session action(s)
2026-08-19 23:36:29 | INFO | [batch_25] in=5000 out=4595 quarantined=405
2026-08-19 23:36:29 | WARNING | Quarantined 150 row(s) at stage='check_missing_identifiers' reason='missing_required_identifier'
2026-08-19 23:36:29 | WARNING | Quarantined 116 row(s) at stage='check_negative_values' reason='negative_numeric_value'
2026-08-19 23:36:29 | INFO | Dropped 116 duplicate session action(s)
2026-08-19 23:36:29 | INFO | [batch_26] in=5000 out=4618 quarantined=382
2026-08-19 23:36:29 | WARNING | Quarantined 146 row(s) at stage='check_missing_identifiers' reason='missing_required_identifier'
2026-08-19 23:36:29 | WARNING | Quarantined 124 row(s) at stage='check_negative_values' reason='negative_numeric_value'
2026-08-19 23:36:29 | INFO | Dropped 104 duplicate session action(s)
2026-08-19 23:36:29 | INFO | [batch_27] in=5000 out=4626 quarantined=374
2026-08-19 23:36:29 | WARNING | Quarantined 128 row(s) at stage='check_missing_identifiers' reason='missing_required_identifier'
2026-08-19 23:36:29 | WARNING | Quarantined 124 row(s) at stage='check_negative_values' reason='negative_numeric_value'
2026-08-19 23:36:29 | INFO | Dropped 110 duplicate session action(s)
2026-08-19 23:36:29 | INFO | [batch_28] in=5000 out=4638 quarantined=362
2026-08-19 23:36:29 | WARNING | Quarantined 148 row(s) at stage='check_missing_identifiers' reason='missing_required_identifier'
2026-08-19 23:36:29 | WARNING | Quarantined 134 row(s) at stage='check_negative_values' reason='negative_numeric_value'
2026-08-19 23:36:29 | INFO | Dropped 110 duplicate session action(s)
2026-08-19 23:36:29 | INFO | [batch_29] in=5000 out=4608 quarantined=392
2026-08-19 23:36:29 | WARNING | Quarantined 123 row(s) at stage='check_missing_identifiers' reason='missing_required_identifier'
2026-08-19 23:36:29 | WARNING | Quarantined 113 row(s) at stage='check_negative_values' reason='negative_numeric_value'
2026-08-19 23:36:29 | INFO | Dropped 111 duplicate session action(s)
2026-08-19 23:36:29 | INFO | [batch_30] in=5000 out=4653 quarantined=347
2026-08-19 23:36:29 | WARNING | Quarantined 153 row(s) at stage='check_missing_identifiers' reason='missing_required_identifier'
2026-08-19 23:36:29 | WARNING | Quarantined 121 row(s) at stage='check_negative_values' reason='negative_numeric_value'
2026-08-19 23:36:29 | INFO | Dropped 119 duplicate session action(s)
2026-08-19 23:36:29 | INFO | [batch_31] in=5000 out=4607 quarantined=393
2026-08-19 23:36:29 | WARNING | Quarantined 115 row(s) at stage='check_missing_identifiers' reason='missing_required_identifier'
2026-08-19 23:36:29 | WARNING | Quarantined 112 row(s) at stage='check_negative_values' reason='negative_numeric_value'
2026-08-19 23:36:29 | INFO | Dropped 109 duplicate session action(s)
2026-08-19 23:36:29 | INFO | [batch_32] in=5000 out=4664 quarantined=336
2026-08-19 23:36:29 | WARNING | Quarantined 150 row(s) at stage='check_missing_identifiers' reason='missing_required_identifier'
2026-08-19 23:36:29 | WARNING | Quarantined 105 row(s) at stage='check_negative_values' reason='negative_numeric_value'
2026-08-19 23:36:29 | INFO | Dropped 108 duplicate session action(s)
2026-08-19 23:36:29 | INFO | [batch_33] in=5000 out=4637 quarantined=363
2026-08-19 23:36:29 | WARNING | Quarantined 153 row(s) at stage='check_missing_identifiers' reason='missing_required_identifier'
2026-08-19 23:36:29 | WARNING | Quarantined 114 row(s) at stage='check_negative_values' reason='negative_numeric_value'
2026-08-19 23:36:29 | INFO | Dropped 139 duplicate session action(s)
2026-08-19 23:36:29 | INFO | [batch_34] in=5000 out=4594 quarantined=406
2026-08-19 23:36:29 | WARNING | Quarantined 158 row(s) at stage='check_missing_identifiers' reason='missing_required_identifier'
2026-08-19 23:36:29 | WARNING | Quarantined 121 row(s) at stage='check_negative_values' reason='negative_numeric_value'
2026-08-19 23:36:29 | INFO | Dropped 125 duplicate session action(s)
2026-08-19 23:36:29 | INFO | [batch_35] in=5000 out=4596 quarantined=404
2026-08-19 23:36:29 | WARNING | Quarantined 150 row(s) at stage='check_missing_identifiers' reason='missing_required_identifier'
2026-08-19 23:36:29 | WARNING | Quarantined 114 row(s) at stage='check_negative_values' reason='negative_numeric_value'
2026-08-19 23:36:29 | INFO | Dropped 123 duplicate session action(s)
2026-08-19 23:36:29 | INFO | [batch_36] in=5000 out=4613 quarantined=387
2026-08-19 23:36:30 | WARNING | Quarantined 150 row(s) at stage='check_missing_identifiers' reason='missing_required_identifier'
2026-08-19 23:36:30 | WARNING | Quarantined 128 row(s) at stage='check_negative_values' reason='negative_numeric_value'
2026-08-19 23:36:30 | INFO | Dropped 127 duplicate session action(s)
2026-08-19 23:36:30 | INFO | [batch_37] in=5000 out=4595 quarantined=405
2026-08-19 23:36:30 | WARNING | Quarantined 166 row(s) at stage='check_missing_identifiers' reason='missing_required_identifier'
2026-08-19 23:36:30 | WARNING | Quarantined 132 row(s) at stage='check_negative_values' reason='negative_numeric_value'
2026-08-19 23:36:30 | INFO | Dropped 100 duplicate session action(s)
2026-08-19 23:36:30 | INFO | [batch_38] in=5000 out=4602 quarantined=398
2026-08-19 23:36:30 | WARNING | Quarantined 127 row(s) at stage='check_missing_identifiers' reason='missing_required_identifier'
2026-08-19 23:36:30 | WARNING | Quarantined 118 row(s) at stage='check_negative_values' reason='negative_numeric_value'
2026-08-19 23:36:30 | INFO | Dropped 106 duplicate session action(s)
2026-08-19 23:36:30 | INFO | [batch_39] in=5000 out=4649 quarantined=351
2026-08-19 23:36:30 | WARNING | Quarantined 143 row(s) at stage='check_missing_identifiers' reason='missing_required_identifier'
2026-08-19 23:36:30 | WARNING | Quarantined 113 row(s) at stage='check_negative_values' reason='negative_numeric_value'
2026-08-19 23:36:30 | INFO | Dropped 99 duplicate session action(s)
2026-08-19 23:36:30 | INFO | [batch_40] in=5000 out=4645 quarantined=355
2026-08-19 23:36:30 | WARNING | Quarantined 161 row(s) at stage='check_missing_identifiers' reason='missing_required_identifier'
2026-08-19 23:36:30 | WARNING | Quarantined 94 row(s) at stage='check_negative_values' reason='negative_numeric_value'
2026-08-19 23:36:30 | INFO | Dropped 105 duplicate session action(s)
2026-08-19 23:36:30 | INFO | [batch_41] in=5000 out=4640 quarantined=360
2026-08-19 23:36:30 | WARNING | Quarantined 142 row(s) at stage='check_missing_identifiers' reason='missing_required_identifier'
2026-08-19 23:36:30 | WARNING | Quarantined 131 row(s) at stage='check_negative_values' reason='negative_numeric_value'
2026-08-19 23:36:30 | INFO | Dropped 111 duplicate session action(s)
2026-08-19 23:36:30 | INFO | [batch_42] in=5000 out=4616 quarantined=384
2026-08-19 23:36:30 | WARNING | Quarantined 150 row(s) at stage='check_missing_identifiers' reason='missing_required_identifier'
2026-08-19 23:36:30 | WARNING | Quarantined 97 row(s) at stage='check_negative_values' reason='negative_numeric_value'
2026-08-19 23:36:30 | INFO | Dropped 85 duplicate session action(s)
2026-08-19 23:36:30 | INFO | [batch_43] in=5000 out=4668 quarantined=332
2026-08-19 23:36:30 | WARNING | Quarantined 138 row(s) at stage='check_missing_identifiers' reason='missing_required_identifier'
2026-08-19 23:36:30 | WARNING | Quarantined 121 row(s) at stage='check_negative_values' reason='negative_numeric_value'
2026-08-19 23:36:30 | INFO | Dropped 82 duplicate session action(s)
2026-08-19 23:36:30 | INFO | [batch_44] in=5000 out=4659 quarantined=341
2026-08-19 23:36:30 | WARNING | Quarantined 138 row(s) at stage='check_missing_identifiers' reason='missing_required_identifier'
2026-08-19 23:36:30 | WARNING | Quarantined 113 row(s) at stage='check_negative_values' reason='negative_numeric_value'
2026-08-19 23:36:30 | INFO | Dropped 86 duplicate session action(s)
2026-08-19 23:36:30 | INFO | [batch_45] in=5000 out=4663 quarantined=337
2026-08-19 23:36:30 | WARNING | Quarantined 138 row(s) at stage='check_missing_identifiers' reason='missing_required_identifier'
2026-08-19 23:36:30 | WARNING | Quarantined 139 row(s) at stage='check_negative_values' reason='negative_numeric_value'
2026-08-19 23:36:30 | INFO | Dropped 93 duplicate session action(s)
2026-08-19 23:36:30 | INFO | [batch_46] in=5000 out=4630 quarantined=370
2026-08-19 23:36:30 | WARNING | Quarantined 160 row(s) at stage='check_missing_identifiers' reason='missing_required_identifier'
2026-08-19 23:36:30 | WARNING | Quarantined 128 row(s) at stage='check_negative_values' reason='negative_numeric_value'
2026-08-19 23:36:30 | INFO | Dropped 77 duplicate session action(s)
2026-08-19 23:36:30 | INFO | [batch_47] in=5000 out=4635 quarantined=365
2026-08-19 23:36:30 | WARNING | Quarantined 178 row(s) at stage='check_missing_identifiers' reason='missing_required_identifier'
2026-08-19 23:36:30 | WARNING | Quarantined 136 row(s) at stage='check_negative_values' reason='negative_numeric_value'
2026-08-19 23:36:30 | INFO | Dropped 84 duplicate session action(s)
2026-08-19 23:36:30 | INFO | [batch_48] in=5000 out=4602 quarantined=398
2026-08-19 23:36:30 | WARNING | Quarantined 147 row(s) at stage='check_missing_identifiers' reason='missing_required_identifier'
2026-08-19 23:36:30 | WARNING | Quarantined 120 row(s) at stage='check_negative_values' reason='negative_numeric_value'
2026-08-19 23:36:30 | INFO | Dropped 87 duplicate session action(s)
2026-08-19 23:36:30 | INFO | [batch_49] in=5000 out=4646 quarantined=354
2026-08-19 23:36:30 | WARNING | Quarantined 149 row(s) at stage='check_missing_identifiers' reason='missing_required_identifier'
2026-08-19 23:36:30 | WARNING | Quarantined 128 row(s) at stage='check_negative_values' reason='negative_numeric_value'
2026-08-19 23:36:30 | INFO | Dropped 70 duplicate session action(s)
2026-08-19 23:36:30 | INFO | [batch_50] in=5000 out=4653 quarantined=347
2026-08-19 23:36:30 | WARNING | Quarantined 149 row(s) at stage='check_missing_identifiers' reason='missing_required_identifier'
2026-08-19 23:36:30 | WARNING | Quarantined 113 row(s) at stage='check_negative_values' reason='negative_numeric_value'
2026-08-19 23:36:30 | INFO | Dropped 92 duplicate session action(s)
2026-08-19 23:36:30 | INFO | [batch_51] in=5000 out=4646 quarantined=354
2026-08-19 23:36:30 | WARNING | Quarantined 144 row(s) at stage='check_missing_identifiers' reason='missing_required_identifier'
2026-08-19 23:36:30 | WARNING | Quarantined 125 row(s) at stage='check_negative_values' reason='negative_numeric_value'
2026-08-19 23:36:31 | INFO | Dropped 99 duplicate session action(s)
2026-08-19 23:36:31 | INFO | [batch_52] in=5000 out=4632 quarantined=368
2026-08-19 23:36:31 | WARNING | Quarantined 159 row(s) at stage='check_missing_identifiers' reason='missing_required_identifier'
2026-08-19 23:36:31 | WARNING | Quarantined 112 row(s) at stage='check_negative_values' reason='negative_numeric_value'
2026-08-19 23:36:31 | INFO | Dropped 98 duplicate session action(s)
2026-08-19 23:36:31 | INFO | [batch_53] in=5000 out=4631 quarantined=369
2026-08-19 23:36:31 | WARNING | Quarantined 161 row(s) at stage='check_missing_identifiers' reason='missing_required_identifier'
2026-08-19 23:36:31 | WARNING | Quarantined 125 row(s) at stage='check_negative_values' reason='negative_numeric_value'
2026-08-19 23:36:31 | INFO | Dropped 78 duplicate session action(s)
2026-08-19 23:36:31 | INFO | [batch_54] in=5000 out=4636 quarantined=364
2026-08-19 23:36:31 | WARNING | Quarantined 125 row(s) at stage='check_missing_identifiers' reason='missing_required_identifier'
2026-08-19 23:36:31 | WARNING | Quarantined 135 row(s) at stage='check_negative_values' reason='negative_numeric_value'
2026-08-19 23:36:31 | INFO | Dropped 69 duplicate session action(s)
2026-08-19 23:36:31 | INFO | [batch_55] in=5000 out=4671 quarantined=329
2026-08-19 23:36:31 | WARNING | Quarantined 149 row(s) at stage='check_missing_identifiers' reason='missing_required_identifier'
2026-08-19 23:36:31 | WARNING | Quarantined 121 row(s) at stage='check_negative_values' reason='negative_numeric_value'
2026-08-19 23:36:31 | INFO | Dropped 79 duplicate session action(s)
2026-08-19 23:36:31 | INFO | [batch_56] in=5000 out=4651 quarantined=349
2026-08-19 23:36:31 | WARNING | Quarantined 140 row(s) at stage='check_missing_identifiers' reason='missing_required_identifier'
2026-08-19 23:36:31 | WARNING | Quarantined 133 row(s) at stage='check_negative_values' reason='negative_numeric_value'
2026-08-19 23:36:31 | INFO | Dropped 102 duplicate session action(s)
2026-08-19 23:36:31 | INFO | [batch_57] in=5000 out=4625 quarantined=375
2026-08-19 23:36:31 | WARNING | Quarantined 154 row(s) at stage='check_missing_identifiers' reason='missing_required_identifier'
2026-08-19 23:36:31 | WARNING | Quarantined 131 row(s) at stage='check_negative_values' reason='negative_numeric_value'
2026-08-19 23:36:31 | INFO | Dropped 74 duplicate session action(s)
2026-08-19 23:36:31 | INFO | [batch_58] in=5000 out=4641 quarantined=359
2026-08-19 23:36:31 | WARNING | Quarantined 151 row(s) at stage='check_missing_identifiers' reason='missing_required_identifier'
2026-08-19 23:36:31 | WARNING | Quarantined 120 row(s) at stage='check_negative_values' reason='negative_numeric_value'
2026-08-19 23:36:31 | INFO | Dropped 75 duplicate session action(s)
2026-08-19 23:36:31 | INFO | [batch_59] in=5000 out=4654 quarantined=346
2026-08-19 23:36:31 | WARNING | Quarantined 138 row(s) at stage='check_missing_identifiers' reason='missing_required_identifier'
2026-08-19 23:36:31 | WARNING | Quarantined 132 row(s) at stage='check_negative_values' reason='negative_numeric_value'
2026-08-19 23:36:31 | INFO | Dropped 92 duplicate session action(s)
2026-08-19 23:36:31 | INFO | [batch_60] in=5000 out=4638 quarantined=362
2026-08-19 23:36:31 | WARNING | Quarantined 157 row(s) at stage='check_missing_identifiers' reason='missing_required_identifier'
2026-08-19 23:36:31 | WARNING | Quarantined 121 row(s) at stage='check_negative_values' reason='negative_numeric_value'
2026-08-19 23:36:31 | INFO | Dropped 97 duplicate session action(s)
2026-08-19 23:36:31 | INFO | [batch_61] in=5000 out=4625 quarantined=375
2026-08-19 23:36:31 | WARNING | Quarantined 145 row(s) at stage='check_missing_identifiers' reason='missing_required_identifier'
2026-08-19 23:36:31 | WARNING | Quarantined 111 row(s) at stage='check_negative_values' reason='negative_numeric_value'
2026-08-19 23:36:31 | INFO | Dropped 76 duplicate session action(s)
2026-08-19 23:36:31 | INFO | [batch_62] in=5000 out=4668 quarantined=332
2026-08-19 23:36:31 | WARNING | Quarantined 160 row(s) at stage='check_missing_identifiers' reason='missing_required_identifier'
2026-08-19 23:36:31 | WARNING | Quarantined 124 row(s) at stage='check_negative_values' reason='negative_numeric_value'
2026-08-19 23:36:31 | INFO | Dropped 81 duplicate session action(s)
2026-08-19 23:36:31 | INFO | [batch_63] in=5000 out=4635 quarantined=365
2026-08-19 23:36:31 | WARNING | Quarantined 153 row(s) at stage='check_missing_identifiers' reason='missing_required_identifier'
2026-08-19 23:36:31 | WARNING | Quarantined 136 row(s) at stage='check_negative_values' reason='negative_numeric_value'
2026-08-19 23:36:31 | INFO | Dropped 106 duplicate session action(s)
2026-08-19 23:36:31 | INFO | [batch_64] in=5000 out=4605 quarantined=395
2026-08-19 23:36:31 | WARNING | Quarantined 129 row(s) at stage='check_missing_identifiers' reason='missing_required_identifier'
2026-08-19 23:36:31 | WARNING | Quarantined 121 row(s) at stage='check_negative_values' reason='negative_numeric_value'
2026-08-19 23:36:31 | INFO | Dropped 97 duplicate session action(s)
2026-08-19 23:36:31 | INFO | [batch_65] in=5000 out=4653 quarantined=347
2026-08-19 23:36:31 | WARNING | Quarantined 127 row(s) at stage='check_missing_identifiers' reason='missing_required_identifier'
2026-08-19 23:36:31 | WARNING | Quarantined 127 row(s) at stage='check_negative_values' reason='negative_numeric_value'
2026-08-19 23:36:31 | INFO | Dropped 78 duplicate session action(s)
2026-08-19 23:36:31 | INFO | [batch_66] in=5000 out=4668 quarantined=332
2026-08-19 23:36:31 | WARNING | Quarantined 153 row(s) at stage='check_missing_identifiers' reason='missing_required_identifier'
2026-08-19 23:36:31 | WARNING | Quarantined 112 row(s) at stage='check_negative_values' reason='negative_numeric_value'
2026-08-19 23:36:31 | INFO | Dropped 107 duplicate session action(s)
2026-08-19 23:36:31 | INFO | [batch_67] in=5000 out=4628 quarantined=372
2026-08-19 23:36:32 | WARNING | Quarantined 135 row(s) at stage='check_missing_identifiers' reason='missing_required_identifier'
2026-08-19 23:36:32 | WARNING | Quarantined 131 row(s) at stage='check_negative_values' reason='negative_numeric_value'
2026-08-19 23:36:32 | INFO | Dropped 92 duplicate session action(s)
2026-08-19 23:36:32 | INFO | [batch_68] in=5000 out=4642 quarantined=358
2026-08-19 23:36:32 | WARNING | Quarantined 137 row(s) at stage='check_missing_identifiers' reason='missing_required_identifier'
2026-08-19 23:36:32 | WARNING | Quarantined 123 row(s) at stage='check_negative_values' reason='negative_numeric_value'
2026-08-19 23:36:32 | INFO | Dropped 102 duplicate session action(s)
2026-08-19 23:36:32 | INFO | [batch_69] in=5000 out=4638 quarantined=362
2026-08-19 23:36:32 | WARNING | Quarantined 160 row(s) at stage='check_missing_identifiers' reason='missing_required_identifier'
2026-08-19 23:36:32 | WARNING | Quarantined 135 row(s) at stage='check_negative_values' reason='negative_numeric_value'
2026-08-19 23:36:32 | INFO | Dropped 102 duplicate session action(s)
2026-08-19 23:36:32 | INFO | [batch_70] in=5000 out=4603 quarantined=397
2026-08-19 23:36:32 | WARNING | Quarantined 158 row(s) at stage='check_missing_identifiers' reason='missing_required_identifier'
2026-08-19 23:36:32 | WARNING | Quarantined 125 row(s) at stage='check_negative_values' reason='negative_numeric_value'
2026-08-19 23:36:32 | INFO | Dropped 104 duplicate session action(s)
2026-08-19 23:36:32 | INFO | [batch_71] in=5000 out=4613 quarantined=387
2026-08-19 23:36:32 | WARNING | Quarantined 157 row(s) at stage='check_missing_identifiers' reason='missing_required_identifier'
2026-08-19 23:36:32 | WARNING | Quarantined 112 row(s) at stage='check_negative_values' reason='negative_numeric_value'
2026-08-19 23:36:32 | INFO | Dropped 99 duplicate session action(s)
2026-08-19 23:36:32 | INFO | [batch_72] in=5000 out=4632 quarantined=368
2026-08-19 23:36:32 | WARNING | Quarantined 138 row(s) at stage='check_missing_identifiers' reason='missing_required_identifier'
2026-08-19 23:36:32 | WARNING | Quarantined 106 row(s) at stage='check_negative_values' reason='negative_numeric_value'
2026-08-19 23:36:32 | INFO | Dropped 108 duplicate session action(s)
2026-08-19 23:36:32 | INFO | [batch_73] in=5000 out=4648 quarantined=352
2026-08-19 23:36:32 | WARNING | Quarantined 161 row(s) at stage='check_missing_identifiers' reason='missing_required_identifier'
2026-08-19 23:36:32 | WARNING | Quarantined 115 row(s) at stage='check_negative_values' reason='negative_numeric_value'
2026-08-19 23:36:32 | INFO | Dropped 107 duplicate session action(s)
2026-08-19 23:36:32 | INFO | [batch_74] in=5000 out=4617 quarantined=383
2026-08-19 23:36:32 | WARNING | Quarantined 152 row(s) at stage='check_missing_identifiers' reason='missing_required_identifier'
2026-08-19 23:36:32 | WARNING | Quarantined 120 row(s) at stage='check_negative_values' reason='negative_numeric_value'
2026-08-19 23:36:32 | INFO | Dropped 99 duplicate session action(s)
2026-08-19 23:36:32 | INFO | [batch_75] in=5000 out=4629 quarantined=371
2026-08-19 23:36:32 | WARNING | Quarantined 167 row(s) at stage='check_missing_identifiers' reason='missing_required_identifier'
2026-08-19 23:36:32 | WARNING | Quarantined 120 row(s) at stage='check_negative_values' reason='negative_numeric_value'
2026-08-19 23:36:32 | INFO | Dropped 84 duplicate session action(s)
2026-08-19 23:36:32 | INFO | [batch_76] in=5000 out=4629 quarantined=371
2026-08-19 23:36:32 | WARNING | Quarantined 157 row(s) at stage='check_missing_identifiers' reason='missing_required_identifier'
2026-08-19 23:36:32 | WARNING | Quarantined 109 row(s) at stage='check_negative_values' reason='negative_numeric_value'
2026-08-19 23:36:32 | INFO | Dropped 98 duplicate session action(s)
2026-08-19 23:36:32 | INFO | [batch_77] in=5000 out=4636 quarantined=364
2026-08-19 23:36:32 | WARNING | Quarantined 136 row(s) at stage='check_missing_identifiers' reason='missing_required_identifier'
2026-08-19 23:36:32 | WARNING | Quarantined 135 row(s) at stage='check_negative_values' reason='negative_numeric_value'
2026-08-19 23:36:32 | INFO | Dropped 96 duplicate session action(s)
2026-08-19 23:36:32 | INFO | [batch_78] in=5000 out=4633 quarantined=367
2026-08-19 23:36:32 | WARNING | Quarantined 143 row(s) at stage='check_missing_identifiers' reason='missing_required_identifier'
2026-08-19 23:36:32 | WARNING | Quarantined 114 row(s) at stage='check_negative_values' reason='negative_numeric_value'
2026-08-19 23:36:32 | INFO | Dropped 102 duplicate session action(s)
2026-08-19 23:36:32 | INFO | [batch_79] in=5000 out=4641 quarantined=359
2026-08-19 23:36:32 | WARNING | Quarantined 151 row(s) at stage='check_missing_identifiers' reason='missing_required_identifier'
2026-08-19 23:36:32 | WARNING | Quarantined 129 row(s) at stage='check_negative_values' reason='negative_numeric_value'
2026-08-19 23:36:32 | INFO | Dropped 76 duplicate session action(s)
2026-08-19 23:36:32 | INFO | [batch_80] in=5000 out=4644 quarantined=356
2026-08-19 23:36:32 | WARNING | Quarantined 169 row(s) at stage='check_missing_identifiers' reason='missing_required_identifier'
2026-08-19 23:36:32 | WARNING | Quarantined 134 row(s) at stage='check_negative_values' reason='negative_numeric_value'
2026-08-19 23:36:32 | INFO | Dropped 94 duplicate session action(s)
2026-08-19 23:36:32 | INFO | [batch_81] in=5000 out=4603 quarantined=397
2026-08-19 23:36:32 | WARNING | Quarantined 164 row(s) at stage='check_missing_identifiers' reason='missing_required_identifier'
2026-08-19 23:36:32 | WARNING | Quarantined 115 row(s) at stage='check_negative_values' reason='negative_numeric_value'
2026-08-19 23:36:32 | INFO | Dropped 104 duplicate session action(s)
2026-08-19 23:36:32 | INFO | [batch_82] in=5000 out=4617 quarantined=383
2026-08-19 23:36:32 | WARNING | Quarantined 171 row(s) at stage='check_missing_identifiers' reason='missing_required_identifier'
2026-08-19 23:36:32 | WARNING | Quarantined 115 row(s) at stage='check_negative_values' reason='negative_numeric_value'
2026-08-19 23:36:32 | INFO | Dropped 106 duplicate session action(s)
2026-08-19 23:36:32 | INFO | [batch_83] in=5000 out=4608 quarantined=392
2026-08-19 23:36:32 | WARNING | Quarantined 147 row(s) at stage='check_missing_identifiers' reason='missing_required_identifier'
2026-08-19 23:36:32 | WARNING | Quarantined 122 row(s) at stage='check_negative_values' reason='negative_numeric_value'
2026-08-19 23:36:32 | INFO | Dropped 83 duplicate session action(s)
2026-08-19 23:36:32 | INFO | [batch_84] in=5000 out=4648 quarantined=352
2026-08-19 23:36:32 | WARNING | Quarantined 150 row(s) at stage='check_missing_identifiers' reason='missing_required_identifier'
2026-08-19 23:36:32 | WARNING | Quarantined 122 row(s) at stage='check_negative_values' reason='negative_numeric_value'
2026-08-19 23:36:32 | INFO | Dropped 117 duplicate session action(s)
2026-08-19 23:36:32 | INFO | [batch_85] in=5000 out=4611 quarantined=389
2026-08-19 23:36:32 | WARNING | Quarantined 164 row(s) at stage='check_missing_identifiers' reason='missing_required_identifier'
2026-08-19 23:36:32 | WARNING | Quarantined 112 row(s) at stage='check_negative_values' reason='negative_numeric_value'
2026-08-19 23:36:33 | INFO | Dropped 116 duplicate session action(s)
2026-08-19 23:36:33 | INFO | [batch_86] in=5000 out=4608 quarantined=392
2026-08-19 23:36:33 | WARNING | Quarantined 148 row(s) at stage='check_missing_identifiers' reason='missing_required_identifier'
2026-08-19 23:36:33 | WARNING | Quarantined 130 row(s) at stage='check_negative_values' reason='negative_numeric_value'
2026-08-19 23:36:33 | INFO | Dropped 105 duplicate session action(s)
2026-08-19 23:36:33 | INFO | [batch_87] in=5000 out=4617 quarantined=383
2026-08-19 23:36:33 | WARNING | Quarantined 166 row(s) at stage='check_missing_identifiers' reason='missing_required_identifier'
2026-08-19 23:36:33 | WARNING | Quarantined 122 row(s) at stage='check_negative_values' reason='negative_numeric_value'
2026-08-19 23:36:33 | INFO | Dropped 71 duplicate session action(s)
2026-08-19 23:36:33 | INFO | [batch_88] in=5000 out=4641 quarantined=359
2026-08-19 23:36:33 | WARNING | Quarantined 132 row(s) at stage='check_missing_identifiers' reason='missing_required_identifier'
2026-08-19 23:36:33 | WARNING | Quarantined 136 row(s) at stage='check_negative_values' reason='negative_numeric_value'
2026-08-19 23:36:33 | INFO | Dropped 82 duplicate session action(s)
2026-08-19 23:36:33 | INFO | [batch_89] in=5000 out=4650 quarantined=350
2026-08-19 23:36:33 | WARNING | Quarantined 135 row(s) at stage='check_missing_identifiers' reason='missing_required_identifier'
2026-08-19 23:36:33 | WARNING | Quarantined 134 row(s) at stage='check_negative_values' reason='negative_numeric_value'
2026-08-19 23:36:33 | INFO | Dropped 93 duplicate session action(s)
2026-08-19 23:36:33 | INFO | [batch_90] in=5000 out=4638 quarantined=362
2026-08-19 23:36:33 | WARNING | Quarantined 140 row(s) at stage='check_missing_identifiers' reason='missing_required_identifier'
2026-08-19 23:36:33 | WARNING | Quarantined 113 row(s) at stage='check_negative_values' reason='negative_numeric_value'
2026-08-19 23:36:33 | INFO | Dropped 89 duplicate session action(s)
2026-08-19 23:36:33 | INFO | [batch_91] in=5000 out=4658 quarantined=342
2026-08-19 23:36:33 | WARNING | Quarantined 132 row(s) at stage='check_missing_identifiers' reason='missing_required_identifier'
2026-08-19 23:36:33 | WARNING | Quarantined 109 row(s) at stage='check_negative_values' reason='negative_numeric_value'
2026-08-19 23:36:33 | INFO | Dropped 95 duplicate session action(s)
2026-08-19 23:36:33 | INFO | [batch_92] in=5000 out=4664 quarantined=336
2026-08-19 23:36:33 | WARNING | Quarantined 159 row(s) at stage='check_missing_identifiers' reason='missing_required_identifier'
2026-08-19 23:36:33 | WARNING | Quarantined 113 row(s) at stage='check_negative_values' reason='negative_numeric_value'
2026-08-19 23:36:33 | INFO | Dropped 77 duplicate session action(s)
2026-08-19 23:36:33 | INFO | [batch_93] in=5000 out=4651 quarantined=349
2026-08-19 23:36:33 | WARNING | Quarantined 162 row(s) at stage='check_missing_identifiers' reason='missing_required_identifier'
2026-08-19 23:36:33 | WARNING | Quarantined 112 row(s) at stage='check_negative_values' reason='negative_numeric_value'
2026-08-19 23:36:33 | INFO | Dropped 84 duplicate session action(s)
2026-08-19 23:36:33 | INFO | [batch_94] in=5000 out=4642 quarantined=358
2026-08-19 23:36:33 | WARNING | Quarantined 122 row(s) at stage='check_missing_identifiers' reason='missing_required_identifier'
2026-08-19 23:36:33 | WARNING | Quarantined 125 row(s) at stage='check_negative_values' reason='negative_numeric_value'
2026-08-19 23:36:33 | INFO | Dropped 86 duplicate session action(s)
2026-08-19 23:36:33 | INFO | [batch_95] in=5000 out=4667 quarantined=333
2026-08-19 23:36:33 | WARNING | Quarantined 140 row(s) at stage='check_missing_identifiers' reason='missing_required_identifier'
2026-08-19 23:36:33 | WARNING | Quarantined 114 row(s) at stage='check_negative_values' reason='negative_numeric_value'
2026-08-19 23:36:33 | INFO | Dropped 96 duplicate session action(s)
2026-08-19 23:36:33 | INFO | [batch_96] in=5000 out=4650 quarantined=350
2026-08-19 23:36:33 | WARNING | Quarantined 173 row(s) at stage='check_missing_identifiers' reason='missing_required_identifier'
2026-08-19 23:36:33 | WARNING | Quarantined 121 row(s) at stage='check_negative_values' reason='negative_numeric_value'
2026-08-19 23:36:33 | INFO | Dropped 119 duplicate session action(s)
2026-08-19 23:36:33 | INFO | [batch_97] in=5000 out=4587 quarantined=413
2026-08-19 23:36:33 | WARNING | Quarantined 141 row(s) at stage='check_missing_identifiers' reason='missing_required_identifier'
2026-08-19 23:36:33 | WARNING | Quarantined 115 row(s) at stage='check_negative_values' reason='negative_numeric_value'
2026-08-19 23:36:33 | INFO | Dropped 91 duplicate session action(s)
2026-08-19 23:36:33 | INFO | [batch_98] in=5000 out=4653 quarantined=347
2026-08-19 23:36:33 | WARNING | Quarantined 11 row(s) at stage='check_missing_identifiers' reason='missing_required_identifier'
2026-08-19 23:36:33 | WARNING | Quarantined 10 row(s) at stage='check_negative_values' reason='negative_numeric_value'
2026-08-19 23:36:33 | INFO | Dropped 11 duplicate session action(s)
2026-08-19 23:36:33 | INFO | [batch_99] in=398 out=366 quarantined=32
2026-08-19 23:36:48 | INFO | Wrote 454499 row(s) to 'ladringan_saldua_prelim_project/data/analytics/events' partitioned by ['product_department']
2026-08-19 23:36:49 | INFO | Wrote 15 row(s) to 'ladringan_saldua_prelim_project/data/analytics/abandoned_metrics' partitioned by ['product_department']
2026-08-19 23:36:49 | INFO | Flushed 26387 quarantined row(s) to ladringan_saldua_prelim_project/quarantine/null_product_ids.csv
2026-08-19 23:36:49 | INFO | Pipeline run complete: {'total_in': 490398, 'total_out': 454499, 'quarantined': 26387}
